CREATE DATABASE  IF NOT EXISTS `teacherapp` /*!40100 DEFAULT CHARACTER SET utf8mb4 COLLATE utf8mb4_unicode_ci */ /*!80016 DEFAULT ENCRYPTION='N' */;
USE `teacherapp`;
-- MySQL dump 10.13  Distrib 8.0.30, for macos12 (x86_64)
--
-- Host: localhost    Database: teacherapp
-- ------------------------------------------------------
-- Server version	8.0.30

/*!40101 SET @OLD_CHARACTER_SET_CLIENT=@@CHARACTER_SET_CLIENT */;
/*!40101 SET @OLD_CHARACTER_SET_RESULTS=@@CHARACTER_SET_RESULTS */;
/*!40101 SET @OLD_COLLATION_CONNECTION=@@COLLATION_CONNECTION */;
/*!50503 SET NAMES utf8 */;
/*!40103 SET @OLD_TIME_ZONE=@@TIME_ZONE */;
/*!40103 SET TIME_ZONE='+00:00' */;
/*!40014 SET @OLD_UNIQUE_CHECKS=@@UNIQUE_CHECKS, UNIQUE_CHECKS=0 */;
/*!40014 SET @OLD_FOREIGN_KEY_CHECKS=@@FOREIGN_KEY_CHECKS, FOREIGN_KEY_CHECKS=0 */;
/*!40101 SET @OLD_SQL_MODE=@@SQL_MODE, SQL_MODE='NO_AUTO_VALUE_ON_ZERO' */;
/*!40111 SET @OLD_SQL_NOTES=@@SQL_NOTES, SQL_NOTES=0 */;

--
-- Table structure for table `branches`
--

DROP TABLE IF EXISTS `branches`;
/*!40101 SET @saved_cs_client     = @@character_set_client */;
/*!50503 SET character_set_client = utf8mb4 */;
CREATE TABLE `branches` (
  `id` int NOT NULL AUTO_INCREMENT,
  `title` varchar(45) CHARACTER SET utf8mb4 COLLATE utf8mb4_unicode_ci NOT NULL,
  `description` longtext CHARACTER SET utf8mb4 COLLATE utf8mb4_unicode_ci,
  PRIMARY KEY (`id`)
) ENGINE=InnoDB AUTO_INCREMENT=5 DEFAULT CHARSET=utf8mb4 COLLATE=utf8mb4_unicode_ci;
/*!40101 SET character_set_client = @saved_cs_client */;

--
-- Dumping data for table `branches`
--

LOCK TABLES `branches` WRITE;
/*!40000 ALTER TABLE `branches` DISABLE KEYS */;
INSERT INTO `branches` VALUES (1,'Ciencias','Las ramas de la ciencia, disciplinas científicas, o simplemente ciencias, se suelen dividir en tres grupos: ciencias formales, ciencias naturales, y ciencias humanas o ciencias sociales. Estas conforman las ciencias básicas, sobre las que se apoyan las ciencias aplicadas como la ingeniería y la medicina.'),(2,'Arte y Humanidades','Se conoce como artes y humanidades a un área de estudio que agrupa a las profesiones que se dedican a resguardar, comprender y sistematizar el acervo cultural de un país, en sus diferentes épocas y manifestaciones.'),(3,'Ciencias de la Salud','Las ciencias de la salud son disciplinas que se ven relacionadas con la protección, el fomento y la restauración de la salud y de sus servicios'),(4,'Ingeniería y Arquitectura','En esta rama, las materias básicas tienen ciertas cosas en común, por ejemplo, se basan en algunas Ciencias Puras como Matemática, Física o Química con el fin de aplicarlas a problemas y situaciones de la vida real.');
/*!40000 ALTER TABLE `branches` ENABLE KEYS */;
UNLOCK TABLES;

--
-- Table structure for table `cities`
--

DROP TABLE IF EXISTS `cities`;
/*!40101 SET @saved_cs_client     = @@character_set_client */;
/*!50503 SET character_set_client = utf8mb4 */;
CREATE TABLE `cities` (
  `id` int NOT NULL AUTO_INCREMENT,
  `province_id` int NOT NULL,
  `name` varchar(100) CHARACTER SET utf8mb4 COLLATE utf8mb4_unicode_ci DEFAULT NULL,
  PRIMARY KEY (`id`),
  KEY `FK_city_province_idx` (`province_id`),
  CONSTRAINT `FK_city_province` FOREIGN KEY (`province_id`) REFERENCES `provinces` (`id`)
) ENGINE=InnoDB AUTO_INCREMENT=16233 DEFAULT CHARSET=utf8mb4 COLLATE=utf8mb4_unicode_ci;
/*!40101 SET character_set_client = @saved_cs_client */;

--
-- Dumping data for table `cities`
--

LOCK TABLES `cities` WRITE;
/*!40000 ALTER TABLE `cities` DISABLE KEYS */;
INSERT INTO `cities` VALUES (8117,1,'Alegría-Dulantzi'),(8118,2,'Abengibre'),(8119,3,'Adsubia'),(8120,4,'Abla'),(8121,5,'Adanero'),(8122,6,'Acedera'),(8123,7,'Alaró'),(8124,8,'Abrera'),(8125,9,'Abajas'),(8126,10,'Abadía'),(8127,11,'Alcalá de los Gazules'),(8128,12,'Atzeneta del Maestrat'),(8129,13,'Abenójar'),(8130,14,'Adamuz'),(8131,15,'Abegondo'),(8132,16,'Abia de la Obispalía'),(8133,17,'Agullana'),(8134,18,'Agrón'),(8135,19,'Abánades'),(8136,20,'Abaltzisketa'),(8137,21,'Alájar'),(8138,22,'Abiego'),(8139,23,'Albanchez de Mágina'),(8140,24,'Acebedo'),(8141,25,'Abella de la Conca'),(8142,26,'Ábalos'),(8143,27,'Abadín'),(8144,28,'Acebeda, La'),(8145,29,'Alameda'),(8146,30,'Abanilla'),(8147,31,'Abáigar'),(8148,32,'Allariz'),(8149,33,'Allande'),(8150,34,'Abarca de Campos'),(8151,35,'Agaete'),(8152,36,'Arbo'),(8153,37,'Abusejo'),(8154,38,'Adeje'),(8155,39,'Alfoz de Lloredo'),(8156,40,'Abades'),(8157,41,'Aguadulce'),(8158,42,'Abejar'),(8159,43,'Aiguamúrcia'),(8160,44,'Ababuj'),(8161,45,'Ajofrín'),(8162,46,'Ademuz'),(8163,47,'Adalia'),(8164,48,'Abadiño'),(8165,50,'Abanto'),(8166,51,'Ceuta'),(8167,52,'Melilla'),(8168,1,'Amurrio'),(8169,2,'Alatoz'),(8170,3,'Agost'),(8171,4,'Abrucena'),(8172,5,'Adrada, La'),(8173,6,'Aceuchal'),(8174,7,'Alaior'),(8175,8,'Aguilar de Segarra'),(8176,10,'Abertura'),(8177,11,'Alcalá del Valle'),(8178,12,'Aín'),(8179,13,'Agudo'),(8180,14,'Aguilar de la Frontera'),(8181,15,'Ames'),(8182,16,'Acebrón, El'),(8183,17,'Aiguaviva'),(8184,18,'Alamedilla'),(8185,19,'Ablanque'),(8186,20,'Aduna'),(8187,21,'Aljaraque'),(8188,22,'Abizanda'),(8189,23,'Alcalá la Real'),(8190,24,'Algadefe'),(8191,25,'Àger'),(8192,26,'Agoncillo'),(8193,27,'Alfoz'),(8194,28,'Ajalvir'),(8195,29,'Alcaucín'),(8196,30,'Abarán'),(8197,31,'Abárzuza/Abartzuza'),(8198,32,'Amoeiro'),(8199,33,'Aller'),(8200,35,'Agüimes'),(8201,36,'Barro'),(8202,37,'Agallas'),(8203,38,'Agulo'),(8204,39,'Ampuero'),(8205,40,'Adrada de Pirón'),(8206,41,'Alanís'),(8207,43,'Albinyana'),(8208,44,'Abejuela'),(8209,45,'Alameda de la Sagra'),(8210,46,'Ador'),(8211,47,'Aguasal'),(8212,48,'Abanto y Ciérvana-Abanto Zierbena'),(8213,49,'Abezames'),(8214,50,'Acered'),(8215,1,'Aramaio'),(8216,2,'Albacete'),(8217,3,'Agres'),(8218,4,'Adra'),(8219,6,'Ahillones'),(8220,7,'Alcúdia'),(8221,8,'Alella'),(8222,9,'Adrada de Haza'),(8223,10,'Acebo'),(8224,11,'Algar'),(8225,12,'Albocàsser'),(8226,13,'Alamillo'),(8227,14,'Alcaracejos'),(8228,15,'Aranga'),(8229,16,'Alarcón'),(8230,17,'Albanyà'),(8231,18,'Albolote'),(8232,19,'Adobes'),(8233,20,'Aizarnazabal'),(8234,21,'Almendro, El'),(8235,22,'Adahuesca'),(8236,23,'Alcaudete'),(8237,24,'Alija del Infantado'),(8238,25,'Agramunt'),(8239,26,'Aguilar del Río Alhama'),(8240,27,'Antas de Ulla'),(8241,28,'Alameda del Valle'),(8242,29,'Alfarnate'),(8243,30,'Águilas'),(8244,31,'Abaurregaina/Abaurrea Alta'),(8245,32,'Arnoia, A'),(8246,33,'Amieva'),(8247,34,'Abia de las Torres'),(8248,35,'Antigua'),(8249,36,'Baiona'),(8250,37,'Ahigal de los Aceiteros'),(8251,38,'Alajeró'),(8252,39,'Anievas'),(8253,40,'Adrados'),(8254,41,'Albaida del Aljarafe'),(8255,42,'Adradas'),(8256,43,'Albiol, L\''),(8257,44,'Aguatón'),(8258,45,'Albarreal de Tajo'),(8259,46,'Atzeneta d\'Albaida'),(8260,47,'Aguilar de Campos'),(8261,48,'Amorebieta-Etxano'),(8262,49,'Alcañices'),(8263,50,'Agón'),(8264,1,'Artziniega'),(8265,2,'Albatana'),(8266,3,'Aigües'),(8267,4,'Albánchez'),(8268,6,'Alange'),(8269,7,'Algaida'),(8270,8,'Alpens'),(8271,10,'Acehúche'),(8272,11,'Algeciras'),(8273,12,'Alcalà de Xivert'),(8274,13,'Albaladejo'),(8275,14,'Almedinilla'),(8276,15,'Ares'),(8277,16,'Albaladejo del Cuende'),(8278,17,'Albons'),(8279,18,'Albondón'),(8280,19,'Alaminos'),(8281,20,'Albiztur'),(8282,21,'Almonaster la Real'),(8283,22,'Agüero'),(8284,23,'Aldeaquemada'),(8285,24,'Almanza'),(8286,25,'Alamús, Els'),(8287,26,'Ajamil de Cameros'),(8288,27,'Baleira'),(8289,28,'Álamo, El'),(8290,29,'Alfarnatejo'),(8291,30,'Albudeite'),(8292,31,'Abaurrepea/Abaurrea Baja'),(8293,32,'Avión'),(8294,33,'Avilés'),(8295,34,'Aguilar de Campoo'),(8296,35,'Arrecife'),(8297,36,'Bueu'),(8298,37,'Ahigal de Villarino'),(8299,38,'Arafo'),(8300,39,'Arenas de Iguña'),(8301,40,'Aguilafuente'),(8302,41,'Alcalá de Guadaíra'),(8303,42,'Ágreda'),(8304,43,'Alcanar'),(8305,44,'Aguaviva'),(8306,45,'Alcabón'),(8307,46,'Agullent'),(8308,47,'Alaejos'),(8309,48,'Amoroto'),(8310,49,'Alcubilla de Nogales'),(8311,50,'Aguarón'),(8312,2,'Alborea'),(8313,3,'Albatera'),(8314,4,'Alboloduy'),(8315,5,'Albornos'),(8316,6,'Albuera, La'),(8317,7,'Andratx'),(8318,8,'Ametlla del Vallès, L\''),(8319,10,'Aceituna'),(8320,11,'Algodonales'),(8321,12,'Alcora, l\''),(8322,13,'Alcázar de San Juan'),(8323,14,'Almodóvar del Río'),(8324,15,'Arteixo'),(8325,16,'Albalate de las Nogueras'),(8326,17,'Far d\'Empordà, El'),(8327,18,'Albuñán'),(8328,19,'Alarilla'),(8329,20,'Alegia'),(8330,21,'Almonte'),(8331,23,'Andújar'),(8332,24,'Antigua, La'),(8333,25,'Alàs i Cerc'),(8334,26,'Albelda de Iregua'),(8335,27,'Barreiros'),(8336,28,'Alcalá de Henares'),(8337,29,'Algarrobo'),(8338,30,'Alcantarilla'),(8339,31,'Aberin'),(8340,32,'Baltar'),(8341,33,'Belmonte de Miranda'),(8342,34,'Alar del Rey'),(8343,35,'Artenara'),(8344,36,'Caldas de Reis'),(8345,37,'Alameda de Gardón, La'),(8346,38,'Arico'),(8347,39,'Argoños'),(8348,40,'Alconada de Maderuelo'),(8349,41,'Alcalá del Río'),(8350,43,'Alcover'),(8351,44,'Aguilar del Alfambra'),(8352,45,'Alcañizo'),(8353,46,'Alaquàs'),(8354,47,'Alcazarén'),(8355,48,'Arakaldo'),(8356,49,'Alfaraz de Sayago'),(8357,50,'Aguilón'),(8358,1,'Armiñón'),(8359,2,'Alcadozo'),(8360,3,'Alcalalí'),(8361,4,'Albox'),(8362,6,'Alburquerque'),(8363,7,'Artà'),(8364,8,'Arenys de Mar'),(8365,9,'Aguas Cándidas'),(8366,10,'Ahigal'),(8367,11,'Arcos de la Frontera'),(8368,12,'Alcudia de Veo'),(8369,13,'Alcoba'),(8370,14,'Añora'),(8371,15,'Arzúa'),(8372,16,'Albendea'),(8373,17,'Alp'),(8374,18,'Albuñol'),(8375,19,'Albalate de Zorita'),(8376,20,'Alkiza'),(8377,21,'Alosno'),(8378,22,'Aisa'),(8379,23,'Arjona'),(8380,24,'Ardón'),(8381,25,'Albagés, L\''),(8382,26,'Alberite'),(8383,27,'Becerreá'),(8384,28,'Alcobendas'),(8385,29,'Algatocín'),(8386,30,'Aledo'),(8387,31,'Ablitas'),(8388,32,'Bande'),(8389,33,'Bimenes'),(8390,34,'Alba de Cerrato'),(8391,35,'Arucas'),(8392,36,'Cambados'),(8393,37,'Alamedilla, La'),(8394,38,'Arona'),(8395,39,'Arnuero'),(8396,40,'Aldealcorvo'),(8397,41,'Alcolea del Río'),(8398,42,'Alconaba'),(8399,43,'Aldover'),(8400,44,'Alacón'),(8401,45,'Alcaudete de la Jara'),(8402,46,'Albaida'),(8403,47,'Aldea de San Miguel'),(8404,48,'Arantzazu'),(8405,49,'Algodre'),(8406,50,'Ainzón'),(8407,2,'Alcalá del Júcar'),(8408,3,'Alcocer de Planes'),(8409,4,'Alcolea'),(8410,5,'Aldeanueva de Santa Cruz'),(8411,6,'Alconchel'),(8412,7,'Banyalbufar'),(8413,8,'Arenys de Munt'),(8414,9,'Aguilar de Bureba'),(8415,10,'Albalá'),(8416,11,'Barbate'),(8417,12,'Alfondeguilla'),(8418,13,'Alcolea de Calatrava'),(8419,14,'Baena'),(8420,15,'Baña, A'),(8421,16,'Alberca de Záncara, La'),(8422,17,'Amer'),(8423,18,'Albuñuelas'),(8424,19,'Albares'),(8425,20,'Altzo'),(8426,21,'Aracena'),(8427,22,'Albalate de Cinca'),(8428,23,'Arjonilla'),(8429,24,'Arganza'),(8430,25,'Albatàrrec'),(8431,26,'Alcanadre'),(8432,27,'Begonte'),(8433,28,'Alcorcón'),(8434,29,'Alhaurín de la Torre'),(8435,30,'Alguazas'),(8436,31,'Adiós'),(8437,32,'Baños de Molgas'),(8438,33,'Boal'),(8439,35,'Betancuria'),(8440,36,'Campo Lameiro'),(8441,37,'Alaraz'),(8442,38,'Barlovento'),(8443,39,'Arredondo'),(8444,40,'Aldealengua de Pedraza'),(8445,41,'Algaba, La'),(8446,42,'Alcubilla de Avellaneda'),(8447,43,'Aleixar, L\''),(8448,44,'Alba'),(8449,45,'Alcolea de Tajo'),(8450,46,'Albal'),(8451,47,'Aldeamayor de San Martín'),(8452,48,'Munitibar-Arbatzegi Gerrikaitz'),(8453,49,'Almaraz de Duero'),(8454,50,'Aladrén'),(8455,1,'Arrazua-Ubarrundia'),(8456,2,'Alcaraz'),(8457,3,'Alcoleja'),(8458,4,'Alcóntar'),(8459,5,'Aldeaseca'),(8460,6,'Alconera'),(8461,7,'Binissalem'),(8462,8,'Argençola'),(8463,10,'Alcántara'),(8464,11,'Barrios, Los'),(8465,12,'Algimia de Almonacid'),(8466,13,'Alcubillas'),(8467,14,'Belalcázar'),(8468,15,'Bergondo'),(8469,16,'Alcalá de la Vega'),(8470,17,'Anglès'),(8471,19,'Albendiego'),(8472,20,'Amezketa'),(8473,21,'Aroche'),(8474,22,'Albalatillo'),(8475,23,'Arquillos'),(8476,24,'Astorga'),(8477,25,'Albesa'),(8478,26,'Aldeanueva de Ebro'),(8479,27,'Bóveda'),(8480,28,'Aldea del Fresno'),(8481,29,'Alhaurín el Grande'),(8482,30,'Alhama de Murcia'),(8483,31,'Aguilar de Codés'),(8484,32,'Barbadás'),(8485,33,'Cabrales'),(8486,35,'Firgas'),(8487,36,'Cangas'),(8488,37,'Alba de Tormes'),(8489,38,'Breña Alta'),(8490,39,'Astillero, El'),(8491,40,'Aldealengua de Santa María'),(8492,41,'Algámitas'),(8493,42,'Alcubilla de las Peñas'),(8494,43,'Alfara de Carles'),(8495,44,'Albalate del Arzobispo'),(8496,45,'Aldea en Cabo'),(8497,46,'Albalat de la Ribera'),(8498,47,'Almenara de Adaja'),(8499,48,'Artzentales'),(8500,49,'Almeida de Sayago'),(8501,50,'Alagón'),(8502,1,'Asparrena'),(8503,2,'Almansa'),(8504,3,'Alcoy/Alcoi'),(8505,4,'Alcudia de Monteagud'),(8506,6,'Aljucén'),(8507,7,'Búger'),(8508,8,'Argentona'),(8509,9,'Albillos'),(8510,10,'Alcollarín'),(8511,11,'Benaocaz'),(8512,12,'Almazora/Almassora'),(8513,13,'Aldea del Rey'),(8514,14,'Belmez'),(8515,15,'Betanzos'),(8516,16,'Alcantud'),(8517,17,'Arbúcies'),(8518,19,'Alcocer'),(8519,20,'Andoain'),(8520,21,'Arroyomolinos de León'),(8521,22,'Albelda'),(8522,23,'Baeza'),(8523,24,'Balboa'),(8524,25,'Albi, L\''),(8525,26,'Alesanco'),(8526,27,'Carballedo'),(8527,28,'Algete'),(8528,29,'Almáchar'),(8529,30,'Archena'),(8530,31,'Aibar/Oibar'),(8531,32,'Barco de Valdeorras, O'),(8532,33,'Cabranes'),(8533,34,'Amayuelas de Arriba'),(8534,35,'Gáldar'),(8535,36,'Cañiza, A'),(8536,37,'Alba de Yeltes'),(8537,38,'Breña Baja'),(8538,39,'Bárcena de Cicero'),(8539,40,'Aldeanueva de la Serrezuela'),(8540,41,'Almadén de la Plata'),(8541,42,'Aldealafuente'),(8542,43,'Alforja'),(8543,44,'Albarracín'),(8544,45,'Aldeanueva de Barbarroya'),(8545,46,'Albalat dels Sorells'),(8546,47,'Amusquillo'),(8547,48,'Arrankudiaga'),(8548,49,'Andavías'),(8549,50,'Alarba'),(8550,1,'Ayala/Aiara'),(8551,2,'Alpera'),(8552,3,'Alfafara'),(8553,4,'Alhabia'),(8554,5,'Aldehuela, La'),(8555,6,'Almendral'),(8556,7,'Bunyola'),(8557,8,'Artés'),(8558,9,'Alcocero de Mola'),(8559,10,'Alcuéscar'),(8560,11,'Bornos'),(8561,12,'Almedíjar'),(8562,13,'Alhambra'),(8563,14,'Benamejí'),(8564,15,'Boimorto'),(8565,16,'Alcázar del Rey'),(8566,17,'Argelaguer'),(8567,18,'Aldeire'),(8568,19,'Alcolea de las Peñas'),(8569,20,'Anoeta'),(8570,21,'Ayamonte'),(8571,23,'Bailén'),(8572,24,'Bañeza, La'),(8573,25,'Alcanó'),(8574,26,'Alesón'),(8575,27,'Castro de Rei'),(8576,28,'Alpedrete'),(8577,29,'Almargen'),(8578,30,'Beniel'),(8579,31,'Altsasu/Alsasua'),(8580,32,'Beade'),(8581,33,'Candamo'),(8582,34,'Ampudia'),(8583,35,'Haría'),(8584,36,'Catoira'),(8585,37,'Alberca, La'),(8586,38,'Buenavista del Norte'),(8587,39,'Bárcena de Pie de Concha'),(8588,40,'Aldeanueva del Codonal'),(8589,41,'Almensilla'),(8590,42,'Aldealices'),(8591,43,'Alió'),(8592,44,'Albentosa'),(8593,45,'Aldeanueva de San Bartolomé'),(8594,46,'Albalat dels Tarongers'),(8595,47,'Arroyo de la Encomienda'),(8596,48,'Arrieta'),(8597,49,'Arcenillas'),(8598,50,'Alberite de San Juan'),(8599,1,'Baños de Ebro/Mañueta'),(8600,2,'Ayna'),(8601,3,'Alfàs del Pi, l\''),(8602,4,'Alhama de Almería'),(8603,6,'Almendralejo'),(8604,7,'Calvià'),(8605,8,'Avià'),(8606,9,'Alfoz de Bricia'),(8607,10,'Aldeacentenera'),(8608,11,'Bosque, El'),(8609,12,'Almenara'),(8610,13,'Almadén'),(8611,14,'Blázquez, Los'),(8612,15,'Boiro'),(8613,16,'Alcohujate'),(8614,17,'Armentera, L\''),(8615,18,'Alfacar'),(8616,19,'Alcolea del Pinar'),(8617,20,'Antzuola'),(8618,21,'Beas'),(8619,22,'Albero Alto'),(8620,23,'Baños de la Encina'),(8621,24,'Barjas'),(8622,25,'Alcarràs'),(8623,26,'Alfaro'),(8624,27,'Castroverde'),(8625,28,'Ambite'),(8626,29,'Almogía'),(8627,30,'Blanca'),(8628,31,'Allín/Allin'),(8629,32,'Beariz'),(8630,33,'Cangas del Narcea'),(8631,34,'Amusco'),(8632,35,'Ingenio'),(8633,36,'Cerdedo'),(8634,37,'Alberguería de Argañán, La'),(8635,38,'Candelaria'),(8636,39,'Bareyo'),(8637,41,'Arahal'),(8638,42,'Aldealpozo'),(8639,43,'Almoster'),(8640,44,'Alcaine'),(8641,45,'Almendral de la Cañada'),(8642,46,'Alberic'),(8643,47,'Ataquines'),(8644,48,'Arrigorriaga'),(8645,49,'Arcos de la Polvorosa'),(8646,50,'Albeta'),(8647,2,'Balazote'),(8648,3,'Algorfa'),(8649,4,'Alicún'),(8650,5,'Amavida'),(8651,6,'Arroyo de San Serván'),(8652,7,'Campanet'),(8653,8,'Avinyó'),(8654,9,'Alfoz de Santa Gadea'),(8655,10,'Aldea del Cano'),(8656,11,'Cádiz'),(8657,12,'Altura'),(8658,13,'Almadenejos'),(8659,14,'Bujalance'),(8660,15,'Boqueixón'),(8661,16,'Alconchel de la Estrella'),(8662,17,'Avinyonet de Puigventós'),(8663,18,'Algarinejo'),(8664,20,'Arama'),(8665,21,'Berrocal'),(8666,22,'Albero Bajo'),(8667,23,'Beas de Segura'),(8668,24,'Barrios de Luna, Los'),(8669,25,'Alcoletge'),(8670,26,'Almarza de Cameros'),(8671,27,'Cervantes'),(8672,28,'Anchuelo'),(8673,29,'Álora'),(8674,30,'Bullas'),(8675,31,'Allo'),(8676,32,'Blancos, Os'),(8677,33,'Cangas de Onís'),(8678,34,'Antigüedad'),(8679,35,'Mogán'),(8680,36,'Cotobade'),(8681,37,'Alconada'),(8682,38,'Fasnia'),(8683,39,'Cabezón de la Sal'),(8684,40,'Aldea Real'),(8685,41,'Aznalcázar'),(8686,42,'Aldealseñor'),(8687,43,'Altafulla'),(8688,44,'Alcalá de la Selva'),(8689,45,'Almonacid de Toledo'),(8690,46,'Alborache'),(8691,47,'Bahabón'),(8692,48,'Bakio'),(8693,49,'Argañín'),(8694,50,'Alborge'),(8695,1,'Barrundia'),(8696,2,'Balsa de Ves'),(8697,3,'Algueña'),(8698,4,'Almería'),(8699,5,'Arenal, El'),(8700,6,'Atalaya'),(8701,7,'Campos'),(8702,8,'Avinyonet del Penedès'),(8703,9,'Altable'),(8704,10,'Aldea del Obispo, La'),(8705,11,'Castellar de la Frontera'),(8706,12,'Arañuel'),(8707,13,'Almagro'),(8708,14,'Cabra'),(8709,15,'Brión'),(8710,16,'Algarra'),(8711,17,'Begur'),(8712,18,'Alhama de Granada'),(8713,19,'Alcoroches'),(8714,20,'Aretxabaleta'),(8715,21,'Bollullos Par del Condado'),(8716,22,'Alberuela de Tubo'),(8717,25,'Alfarràs'),(8718,26,'Anguciana'),(8719,27,'Cervo'),(8720,28,'Aranjuez'),(8721,29,'Alozaina'),(8722,30,'Calasparra'),(8723,31,'Améscoa Baja'),(8724,32,'Boborás'),(8725,33,'Caravia'),(8726,35,'Moya'),(8727,36,'Covelo'),(8728,37,'Aldeacipreste'),(8729,38,'Frontera'),(8730,39,'Cabezón de Liébana'),(8731,40,'Aldeasoña'),(8732,41,'Aznalcóllar'),(8733,42,'Aldehuela de Periáñez'),(8734,43,'Ametlla de Mar, L\''),(8735,44,'Alcañiz'),(8736,45,'Almorox'),(8737,46,'Alboraya'),(8738,47,'Barcial de la Loma'),(8739,48,'Barakaldo'),(8740,49,'Argujillo'),(8741,50,'Alcalá de Ebro'),(8742,1,'Berantevilla'),(8743,2,'Ballestero, El'),(8744,3,'Alicante/Alacant'),(8745,4,'Almócita'),(8746,5,'Arenas de San Pedro'),(8747,6,'Azuaga'),(8748,7,'Capdepera'),(8749,8,'Aiguafreda'),(8750,9,'Altos, Los'),(8751,10,'Aldeanueva de la Vera'),(8752,11,'Conil de la Frontera'),(8753,12,'Ares del Maestrat'),(8754,13,'Almedina'),(8755,14,'Cañete de las Torres'),(8756,15,'Cabana de Bergantiños'),(8757,16,'Aliaguilla'),(8758,17,'Vajol, La'),(8759,18,'Alhendín'),(8760,20,'Asteasu'),(8761,21,'Bonares'),(8762,22,'Alcalá de Gurrea'),(8763,23,'Begíjar'),(8764,24,'Bembibre'),(8765,25,'Alfés'),(8766,26,'Anguiano'),(8767,27,'Corgo, O'),(8768,28,'Arganda del Rey'),(8769,29,'Alpandeire'),(8770,30,'Campos del Río'),(8771,31,'Ancín/Antzin'),(8772,32,'Bola, A'),(8773,33,'Carreño'),(8774,35,'Oliva, La'),(8775,36,'Crecente'),(8776,37,'Aldeadávila de la Ribera'),(8777,38,'Fuencaliente de la Palma'),(8778,39,'Cabuérniga'),(8779,40,'Aldehorno'),(8780,41,'Badolatosa'),(8781,42,'Aldehuelas, Las'),(8782,43,'Amposta'),(8783,44,'Alcorisa'),(8784,45,'Añover de Tajo'),(8785,46,'Albuixech'),(8786,47,'Barruelo del Valle'),(8787,48,'Barrika'),(8788,49,'Arquillinos'),(8789,50,'Alcalá de Moncayo'),(8790,2,'Barrax'),(8791,3,'Almoradí'),(8792,4,'Alsodux'),(8793,5,'Arevalillo'),(8794,6,'Badajoz'),(8795,7,'Ciutadella de Menorca'),(8796,8,'Badalona'),(8797,10,'Aldeanueva del Camino'),(8798,11,'Chiclana de la Frontera'),(8799,12,'Argelita'),(8800,13,'Almodóvar del Campo'),(8801,14,'Carcabuey'),(8802,15,'Cabanas'),(8803,16,'Almarcha, La'),(8804,17,'Banyoles'),(8805,18,'Alicún de Ortega'),(8806,19,'Aldeanueva de Guadalajara'),(8807,20,'Ataun'),(8808,21,'Cabezas Rubias'),(8809,22,'Alcalá del Obispo'),(8810,23,'Bélmez de la Moraleda'),(8811,24,'Benavides'),(8812,25,'Algerri'),(8813,26,'Arenzana de Abajo'),(8814,27,'Cospeito'),(8815,28,'Arroyomolinos'),(8816,29,'Antequera'),(8817,30,'Caravaca de la Cruz'),(8818,31,'Andosilla'),(8819,32,'Bolo, O'),(8820,33,'Caso'),(8821,34,'Arconada'),(8822,35,'Pájara'),(8823,36,'Cuntis'),(8824,37,'Aldea del Obispo'),(8825,38,'Garachico'),(8826,39,'Camaleño'),(8827,40,'Aldehuela del Codonal'),(8828,41,'Benacazón'),(8829,42,'Alentisque'),(8830,43,'Arbolí'),(8831,45,'Arcicóllar'),(8832,46,'Alcàsser'),(8833,47,'Becilla de Valderaduey'),(8834,48,'Basauri'),(8835,49,'Arrabalde'),(8836,50,'Alconchel de Ariza'),(8837,1,'Bernedo'),(8838,2,'Bienservida'),(8839,3,'Almudaina'),(8840,4,'Antas'),(8841,5,'Arévalo'),(8842,6,'Barcarrota'),(8843,7,'Consell'),(8844,8,'Bagà'),(8845,9,'Ameyugo'),(8846,10,'Aldehuela de Jerte'),(8847,11,'Chipiona'),(8848,12,'Artana'),(8849,13,'Almuradiel'),(8850,14,'Cardeña'),(8851,15,'Camariñas'),(8852,16,'Almendros'),(8853,17,'Bàscara'),(8854,18,'Almegíjar'),(8855,19,'Algar de Mesa'),(8856,20,'Aia'),(8857,21,'Cala'),(8858,22,'Alcampell'),(8859,23,'Benatae'),(8860,24,'Benuza'),(8861,25,'Alguaire'),(8862,26,'Arenzana de Arriba'),(8863,27,'Chantada'),(8864,28,'Atazar, El'),(8865,29,'Árchez'),(8866,30,'Cartagena'),(8867,31,'Ansoáin/Antsoain'),(8868,32,'Calvos de Randín'),(8869,33,'Castrillón'),(8870,35,'Palmas de Gran Canaria, Las'),(8871,36,'Dozón'),(8872,37,'Aldealengua'),(8873,38,'Garafía'),(8874,39,'Camargo'),(8875,40,'Aldeonte'),(8876,41,'Bollullos de la Mitación'),(8877,42,'Aliud'),(8878,43,'Arboç, L\''),(8879,44,'Alfambra'),(8880,45,'Argés'),(8881,46,'Alcàntera de Xúquer'),(8882,47,'Benafarces'),(8883,48,'Berango'),(8884,49,'Aspariegos'),(8885,50,'Aldehuela de Liestos'),(8886,1,'Campezo/Kanpezu'),(8887,2,'Bogarra'),(8888,3,'Alqueria d\'Asnar, l\''),(8889,4,'Arboleas'),(8890,5,'Aveinte'),(8891,6,'Baterno'),(8892,7,'Costitx'),(8893,8,'Balenyà'),(8894,9,'Anguix'),(8895,10,'Alía'),(8896,11,'Espera'),(8897,12,'Ayódar'),(8898,13,'Anchuras'),(8899,14,'Carlota, La'),(8900,15,'Cambre'),(8901,16,'Almodóvar del Pinar'),(8902,18,'Almuñécar'),(8903,19,'Algora'),(8904,20,'Azkoitia'),(8905,21,'Calañas'),(8906,22,'Alcolea de Cinca'),(8907,23,'Cabra del Santo Cristo'),(8908,24,'Bercianos del Páramo'),(8909,25,'Alins'),(8910,26,'Arnedillo'),(8911,27,'Folgoso do Courel'),(8912,28,'Batres'),(8913,29,'Archidona'),(8914,30,'Cehegín'),(8915,31,'Anue'),(8916,32,'Carballeda de Valdeorras'),(8917,33,'Castropol'),(8918,34,'Astudillo'),(8919,35,'Puerto del Rosario'),(8920,36,'Estrada, A'),(8921,37,'Aldeanueva de Figueroa'),(8922,38,'Granadilla de Abona'),(8923,39,'Campoo de Yuso'),(8924,40,'Anaya'),(8925,41,'Bormujos'),(8926,42,'Almajano'),(8927,43,'Argentera, L\''),(8928,44,'Aliaga'),(8929,45,'Azután'),(8930,46,'Alzira'),(8931,47,'Bercero'),(8932,48,'Bermeo'),(8933,49,'Asturianos'),(8934,50,'Alfajarín'),(8935,1,'Zigoitia'),(8936,2,'Bonete'),(8937,3,'Altea'),(8938,4,'Armuña de Almanzora'),(8939,5,'Avellaneda'),(8940,6,'Benquerencia de la Serena'),(8941,7,'Deyá'),(8942,8,'Balsareny'),(8943,9,'Aranda de Duero'),(8944,10,'Aliseda'),(8945,11,'Gastor, El'),(8946,12,'Azuébar'),(8947,13,'Arenas de San Juan'),(8948,14,'Carpio, El'),(8949,15,'Capela, A'),(8950,16,'Almonacid del Marquesado'),(8951,17,'Bellcaire d\'Empordà'),(8952,18,'Alquife'),(8953,19,'Alhóndiga'),(8954,20,'Azpeitia'),(8955,21,'Campillo, El'),(8956,22,'Alcubierre'),(8957,23,'Cambil'),(8958,24,'Bercianos del Real Camino'),(8959,26,'Arnedo'),(8960,27,'Fonsagrada, A'),(8961,28,'Becerril de la Sierra'),(8962,29,'Ardales'),(8963,30,'Ceutí'),(8964,31,'Añorbe'),(8965,32,'Carballeda de Avia'),(8966,33,'Coaña'),(8967,34,'Autilla del Pino'),(8968,35,'San Bartolomé'),(8969,36,'Forcarei'),(8970,37,'Aldeanueva de la Sierra'),(8971,38,'Guancha, La'),(8972,39,'Cartes'),(8973,40,'Añe'),(8974,41,'Brenes'),(8975,42,'Almaluez'),(8976,43,'Arnes'),(8977,44,'Almohaja'),(8978,45,'Barcience'),(8979,46,'Alcublas'),(8980,47,'Berceruelo'),(8981,48,'Berriatua'),(8982,49,'Ayoó de Vidriales'),(8983,50,'Alfamén'),(8984,1,'Kripan'),(8985,2,'Bonillo, El'),(8986,3,'Aspe'),(8987,4,'Bacares'),(8988,5,'Ávila'),(8989,6,'Berlanga'),(8990,7,'Escorca'),(8991,8,'Barcelona'),(8992,9,'Arandilla'),(8993,10,'Almaraz'),(8994,11,'Grazalema'),(8995,13,'Argamasilla de Alba'),(8996,14,'Castro del Río'),(8997,15,'Carballo'),(8998,16,'Altarejos'),(8999,17,'Besalú'),(9000,19,'Alique'),(9001,20,'Beasain'),(9002,21,'Campofrío'),(9003,22,'Alerre'),(9004,23,'Campillo de Arenas'),(9005,24,'Berlanga del Bierzo'),(9006,25,'Almacelles'),(9007,26,'Arrúbal'),(9008,27,'Foz'),(9009,28,'Belmonte de Tajo'),(9010,29,'Arenas'),(9011,30,'Cieza'),(9012,31,'Aoiz/Agoitz'),(9013,32,'Carballiño, O'),(9014,33,'Colunga'),(9015,34,'Autillo de Campos'),(9016,35,'San Bartolomé de Tirajana'),(9017,36,'Fornelos de Montes'),(9018,37,'Aldearrodrigo'),(9019,38,'Guía de Isora'),(9020,39,'Castañeda'),(9021,40,'Arahuetes'),(9022,41,'Burguillos'),(9023,42,'Almarza'),(9024,43,'Ascó'),(9025,44,'Alobras'),(9026,45,'Bargas'),(9027,46,'Alcúdia, l\''),(9028,47,'Berrueces'),(9029,48,'Berriz'),(9030,49,'Barcial del Barco'),(9031,50,'Alforque'),(9032,1,'Kuartango'),(9033,2,'Carcelén'),(9034,3,'Balones'),(9035,4,'Bayárcal'),(9036,6,'Bienvenida'),(9037,7,'Esporles'),(9038,8,'Begues'),(9039,9,'Arauzo de Miel'),(9040,10,'Almoharín'),(9041,11,'Jerez de la Frontera'),(9042,12,'Barracas'),(9043,13,'Argamasilla de Calatrava'),(9044,14,'Conquista'),(9045,15,'Carnota'),(9046,16,'Arandilla del Arroyo'),(9047,17,'Bescanó'),(9048,18,'Arenas del Rey'),(9049,19,'Almadrones'),(9050,20,'Beizama'),(9051,21,'Cañaveral de León'),(9052,22,'Alfántega'),(9053,23,'Canena'),(9054,24,'Boca de Huérgano'),(9055,25,'Almatret'),(9056,26,'Ausejo'),(9057,27,'Friol'),(9058,28,'Berzosa del Lozoya'),(9059,29,'Arriate'),(9060,30,'Fortuna'),(9061,31,'Araitz'),(9062,32,'Cartelle'),(9063,33,'Corvera de Asturias'),(9064,34,'Ayuela'),(9065,35,'Aldea de San Nicolás, La'),(9066,36,'Agolada'),(9067,37,'Aldearrubia'),(9068,38,'Güímar'),(9069,39,'Castro-Urdiales'),(9070,40,'Arcones'),(9071,41,'Cabezas de San Juan, Las'),(9072,42,'Almazán'),(9073,43,'Banyeres del Penedès'),(9074,44,'Alpeñés'),(9075,45,'Belvís de la Jara'),(9076,46,'Alcúdia de Crespins, l\''),(9077,47,'Bobadilla del Campo'),(9078,48,'Bilbao'),(9079,49,'Belver de los Montes'),(9080,50,'Alhama de Aragón'),(9081,1,'Elburgo/Burgelu'),(9082,2,'Casas de Juan Núñez'),(9083,3,'Banyeres de Mariola'),(9084,4,'Bayarque'),(9085,5,'Barco de Ávila, El'),(9086,6,'Bodonal de la Sierra'),(9087,7,'Estellencs'),(9088,8,'Bellprat'),(9089,9,'Arauzo de Salce'),(9090,10,'Arroyo de la Luz'),(9091,11,'Jimena de la Frontera'),(9092,12,'Betxí'),(9093,13,'Arroba de los Montes'),(9094,14,'Córdoba'),(9095,15,'Carral'),(9096,17,'Beuda'),(9097,18,'Armilla'),(9098,19,'Almoguera'),(9099,20,'Belauntza'),(9100,21,'Cartaya'),(9101,22,'Almudévar'),(9102,23,'Carboneros'),(9103,24,'Boñar'),(9104,25,'Almenar'),(9105,26,'Autol'),(9106,27,'Xermade'),(9107,28,'Berrueco, El'),(9108,29,'Atajate'),(9109,30,'Fuente Álamo de Murcia'),(9110,31,'Aranarache/Aranaratxe'),(9111,32,'Castrelo do Val'),(9112,33,'Cudillero'),(9113,35,'Santa Brígida'),(9114,36,'Gondomar'),(9115,37,'Aldeaseca de Alba'),(9116,38,'Hermigua'),(9117,39,'Cieza'),(9118,40,'Arevalillo de Cega'),(9119,41,'Camas'),(9120,42,'Almazul'),(9121,43,'Barberà de la Conca'),(9122,44,'Allepuz'),(9123,45,'Borox'),(9124,46,'Aldaia'),(9125,47,'Bocigas'),(9126,48,'Busturia'),(9127,49,'Benavente'),(9128,50,'Almochuel'),(9129,1,'Elciego'),(9130,2,'Casas de Lázaro'),(9131,3,'Benasau'),(9132,4,'Bédar'),(9133,5,'Barraco, El'),(9134,6,'Burguillos del Cerro'),(9135,7,'Felanitx'),(9136,8,'Berga'),(9137,9,'Arauzo de Torre'),(9138,10,'Arroyomolinos de la Vera'),(9139,11,'Línea de la Concepción, La'),(9140,12,'Bejís'),(9141,13,'Ballesteros de Calatrava'),(9142,14,'Doña Mencía'),(9143,15,'Cedeira'),(9144,16,'Arcos de la Sierra'),(9145,17,'Bisbal d\'Empordà, La'),(9146,18,'Atarfe'),(9147,19,'Almonacid de Zorita'),(9148,20,'Berastegi'),(9149,21,'Castaño del Robledo'),(9150,22,'Almunia de San Juan'),(9151,24,'Borrenes'),(9152,25,'Alòs de Balaguer'),(9153,26,'Azofra'),(9154,27,'Guitiriz'),(9155,28,'Boadilla del Monte'),(9156,29,'Benadalid'),(9157,30,'Jumilla'),(9158,31,'Arantza'),(9159,32,'Castrelo de Miño'),(9160,33,'Degaña'),(9161,34,'Baltanás'),(9162,35,'Santa Lucía de Tirajana'),(9163,36,'Grove, O'),(9164,37,'Aldeaseca de la Frontera'),(9165,38,'Icod de los Vinos'),(9166,39,'Cillorigo de Liébana'),(9167,40,'Armuña'),(9168,41,'Campana, La'),(9169,42,'Almenar de Soria'),(9170,43,'Batea'),(9171,44,'Alloza'),(9172,45,'Buenaventura'),(9173,46,'Alfafar'),(9174,47,'Bocos de Duero'),(9175,48,'Karrantza Harana/Valle de Carranza'),(9176,49,'Benegiles'),(9177,50,'Almolda, La'),(9178,1,'Elvillar/Bilar'),(9179,2,'Casas de Ves'),(9180,3,'Beneixama'),(9181,4,'Beires'),(9182,5,'Barromán'),(9183,6,'Cabeza del Buey'),(9184,7,'Ferreries'),(9185,8,'Bigues i Riells'),(9186,9,'Arcos'),(9187,10,'Arroyomolinos'),(9188,11,'Medina-Sidonia'),(9189,13,'Bolaños de Calatrava'),(9190,14,'Dos Torres'),(9191,15,'Cee'),(9192,16,'Chillarón de Cuenca'),(9193,17,'Blanes'),(9194,18,'Baza'),(9195,19,'Alocén'),(9196,20,'Berrobi'),(9197,21,'Cerro de Andévalo, El'),(9198,22,'Almuniente'),(9199,24,'Brazuelo'),(9200,25,'Alpicat'),(9201,26,'Badarán'),(9202,27,'Guntín'),(9203,28,'Boalo, El'),(9204,29,'Benahavís'),(9205,30,'Librilla'),(9206,31,'Aranguren'),(9207,32,'Castro Caldelas'),(9208,33,'Franco, El'),(9209,34,'Venta de Baños'),(9210,35,'Santa María de Guía de Gran Canaria'),(9211,36,'Guarda, A'),(9212,37,'Aldeatejada'),(9213,38,'San Cristóbal de La Laguna'),(9214,39,'Colindres'),(9215,41,'Cantillana'),(9216,42,'Alpanseque'),(9217,43,'Bellmunt del Priorat'),(9218,44,'Allueva'),(9219,45,'Burguillos de Toledo'),(9220,46,'Alfauir'),(9221,47,'Boecillo'),(9222,48,'Artea'),(9223,49,'Bermillo de Sayago'),(9224,50,'Almonacid de la Cuba'),(9225,2,'Casas-Ibáñez'),(9226,3,'Benejúzar'),(9227,4,'Benahadux'),(9228,5,'Becedas'),(9229,6,'Cabeza la Vaca'),(9230,7,'Formentera'),(9231,8,'Borredà'),(9232,9,'Arenillas de Riopisuerga'),(9233,10,'Baños de Montemayor'),(9234,11,'Olvera'),(9235,12,'Benafer'),(9236,13,'Brazatortas'),(9237,14,'Encinas Reales'),(9238,15,'Cerceda'),(9239,16,'Arguisuelas'),(9240,17,'Bolvir'),(9241,18,'Beas de Granada'),(9242,19,'Alovera'),(9243,20,'Bidegoian'),(9244,21,'Corteconcepción'),(9245,22,'Alquézar'),(9246,23,'Carolina, La'),(9247,24,'Burgo Ranero, El'),(9248,25,'Alt Àneu'),(9249,26,'Bañares'),(9250,27,'Incio, O'),(9251,28,'Braojos'),(9252,29,'Benalauría'),(9253,30,'Lorca'),(9254,31,'Arano'),(9255,32,'Celanova'),(9256,33,'Gijón'),(9257,34,'Baquerín de Campos'),(9258,35,'Teguise'),(9259,36,'Lalín'),(9260,37,'Aldeavieja de Tormes'),(9261,38,'Llanos de Aridane, Los'),(9262,39,'Comillas'),(9263,40,'Ayllón'),(9264,41,'Carmona'),(9265,42,'Arancón'),(9266,43,'Bellvei'),(9267,44,'Anadón'),(9268,45,'Burujón'),(9269,46,'Alfara de la Baronia'),(9270,47,'Bolaños de Campos'),(9271,48,'Zeanuri'),(9272,49,'Bóveda de Toro, La'),(9273,50,'Almonacid de la Sierra'),(9274,2,'Caudete'),(9275,3,'Benferri'),(9276,5,'Becedillas'),(9277,6,'Calamonte'),(9278,7,'Fornalutx'),(9279,8,'Bruc, El'),(9280,9,'Arija'),(9281,10,'Barrado'),(9282,11,'Paterna de Rivera'),(9283,12,'Benafigos'),(9284,13,'Cabezarados'),(9285,14,'Espejo'),(9286,15,'Cerdido'),(9287,16,'Arrancacepas'),(9288,17,'Bordils'),(9289,18,'Beas de Guadix'),(9290,20,'Zegama'),(9291,21,'Cortegana'),(9292,22,'Altorricón'),(9293,23,'Castellar'),(9294,24,'Burón'),(9295,25,'Naut Aran'),(9296,26,'Baños de Rioja'),(9297,27,'Xove'),(9298,28,'Brea de Tajo'),(9299,29,'Benalmádena'),(9300,30,'Lorquí'),(9301,31,'Arakil'),(9302,32,'Cenlle'),(9303,33,'Gozón'),(9304,34,'Bárcena de Campos'),(9305,35,'Tejeda'),(9306,36,'Lama, A'),(9307,37,'Aldehuela de la Bóveda'),(9308,38,'Matanza de Acentejo, La'),(9309,39,'Corrales de Buelna, Los'),(9310,40,'Barbolla'),(9311,41,'Carrión de los Céspedes'),(9312,42,'Arcos de Jalón'),(9313,43,'Benifallet'),(9314,44,'Andorra'),(9315,45,'Cabañas de la Sagra'),(9316,46,'Alfara del Patriarca'),(9317,47,'Brahojos de Medina'),(9318,48,'Zeberio'),(9319,49,'Bretó'),(9320,50,'Almunia de Doña Godina, La'),(9321,2,'Cenizate'),(9322,3,'Beniarbeig'),(9323,4,'Benitagla'),(9324,5,'Bercial de Zapardiel'),(9325,6,'Calera de León'),(9326,7,'Eivissa'),(9327,8,'Brull, El'),(9328,9,'Arlanzón'),(9329,10,'Belvís de Monroy'),(9330,11,'Prado del Rey'),(9331,12,'Benasal'),(9332,13,'Cabezarrubias del Puerto'),(9333,14,'Espiel'),(9334,15,'Cesuras'),(9335,16,'Atalaya del Cañavate'),(9336,17,'Borrassà'),(9337,20,'Zerain'),(9338,21,'Cortelazor'),(9339,23,'Castillo de Locubín'),(9340,24,'Bustillo del Páramo'),(9341,26,'Baños de Río Tobía'),(9342,27,'Láncara'),(9343,28,'Brunete'),(9344,29,'Benamargosa'),(9345,30,'Mazarrón'),(9346,31,'Aras'),(9347,32,'Coles'),(9348,33,'Grado'),(9349,35,'Telde'),(9350,36,'Marín'),(9351,37,'Aldehuela de Yeltes'),(9352,38,'Orotava, La'),(9353,39,'Corvera de Toranzo'),(9354,40,'Basardilla'),(9355,41,'Casariche'),(9356,42,'Arenillas'),(9357,43,'Benissanet'),(9358,44,'Arcos de las Salinas'),(9359,45,'Cabañas de Yepes'),(9360,46,'Alfarp'),(9361,47,'Bustillo de Chaves'),(9362,48,'Dima'),(9363,49,'Bretocino'),(9364,50,'Alpartir'),(9365,1,'Iruraiz-Gauna'),(9366,2,'Corral-Rubio'),(9367,3,'Beniardá'),(9368,4,'Benizalón'),(9369,5,'Berlanas, Las'),(9370,6,'Calzadilla de los Barros'),(9371,7,'Inca'),(9372,8,'Cabanyes, Les'),(9373,9,'Arraya de Oca'),(9374,10,'Benquerencia'),(9375,11,'Puerto de Santa María, El'),(9376,12,'Benicarló'),(9377,13,'Calzada de Calatrava'),(9378,14,'Fernán-Núñez'),(9379,15,'Coirós'),(9380,16,'Barajas de Melo'),(9381,17,'Breda'),(9382,18,'Benalúa'),(9383,19,'Alustante'),(9384,20,'Zestoa'),(9385,21,'Cumbres de Enmedio'),(9386,22,'Angüés'),(9387,23,'Cazalilla'),(9388,24,'Cabañas Raras'),(9389,25,'Anglesola'),(9390,26,'Berceo'),(9391,27,'Lourenzá'),(9392,28,'Buitrago del Lozoya'),(9393,29,'Benamocarra'),(9394,30,'Molina de Segura'),(9395,31,'Arbizu'),(9396,32,'Cortegada'),(9397,33,'Grandas de Salime'),(9398,34,'Barruelo de Santullán'),(9399,35,'Teror'),(9400,36,'Meaño'),(9401,37,'Almenara de Tormes'),(9402,38,'Paso, El'),(9403,39,'Campoo de Enmedio'),(9404,41,'Castilblanco de los Arroyos'),(9405,42,'Arévalo de la Sierra'),(9406,43,'Bisbal de Falset, La'),(9407,44,'Arens de Lledó'),(9408,45,'Cabezamesada'),(9409,46,'Alfarrasí'),(9410,47,'Cabezón de Pisuerga'),(9411,48,'Durango'),(9412,49,'Brime de Sog'),(9413,50,'Ambel'),(9414,1,'Labastida/Bastida'),(9415,2,'Cotillas'),(9416,3,'Beniarrés'),(9417,4,'Bentarique'),(9418,6,'Campanario'),(9419,7,'Lloret de Vistalegre'),(9420,8,'Cabrera d\'Anoia'),(9421,10,'Berrocalejo'),(9422,11,'Puerto Real'),(9423,12,'Benicasim/Benicàssim'),(9424,13,'Campo de Criptana'),(9425,14,'Fuente la Lancha'),(9426,15,'Corcubión'),(9427,17,'Brunyola'),(9428,18,'Benalúa de las Villas'),(9429,20,'Zizurkil'),(9430,21,'Cumbres de San Bartolomé'),(9431,22,'Ansó'),(9432,23,'Cazorla'),(9433,24,'Cabreros del Río'),(9434,26,'Bergasa'),(9435,27,'Lugo'),(9436,28,'Bustarviejo'),(9437,29,'Benaoján'),(9438,30,'Moratalla'),(9439,31,'Arce/Artzi'),(9440,32,'Cualedro'),(9441,33,'Ibias'),(9442,34,'Báscones de Ojeda'),(9443,35,'Tías'),(9444,36,'Meis'),(9445,37,'Almendra'),(9446,38,'Puerto de la Cruz'),(9447,39,'Entrambasaguas'),(9448,40,'Bercial'),(9449,41,'Castilleja de Guzmán'),(9450,42,'Ausejo de la Sierra'),(9451,43,'Bisbal del Penedès, La'),(9452,44,'Argente'),(9453,45,'Calera y Chozas'),(9454,46,'Algar de Palancia'),(9455,47,'Cabezón de Valderaduey'),(9456,48,'Ea'),(9457,49,'Brime de Urz'),(9458,50,'Anento'),(9459,2,'Chinchilla de Monte-Aragón'),(9460,3,'Benigembla'),(9461,4,'Berja'),(9462,5,'Bernuy-Zapardiel'),(9463,6,'Campillo de Llerena'),(9464,7,'Lloseta'),(9465,8,'Cabrera de Mar'),(9466,9,'Atapuerca'),(9467,10,'Berzocana'),(9468,11,'Puerto Serrano'),(9469,12,'Benlloch'),(9470,13,'Cañada de Calatrava'),(9471,14,'Fuente Obejuna'),(9472,15,'Coristanco'),(9473,16,'Barchín del Hoyo'),(9474,17,'Boadella i les Escaules'),(9475,18,'Benamaurel'),(9476,20,'Deba'),(9477,21,'Cumbres Mayores'),(9478,22,'Antillón'),(9479,23,'Chiclana de Segura'),(9480,24,'Cabrillanes'),(9481,25,'Arbeca'),(9482,26,'Bergasillas Bajera'),(9483,27,'Meira'),(9484,28,'Cabanillas de la Sierra'),(9485,29,'Benarrabá'),(9486,30,'Mula'),(9487,31,'Arcos, Los'),(9488,32,'Chandrexa de Queixa'),(9489,33,'Illano'),(9490,34,'Becerril de Campos'),(9491,35,'Tinajo'),(9492,36,'Moaña'),(9493,37,'Anaya de Alba'),(9494,38,'Puntagorda'),(9495,39,'Escalante'),(9496,40,'Bercimuel'),(9497,41,'Castilleja de la Cuesta'),(9498,42,'Baraona'),(9499,43,'Blancafort'),(9500,44,'Ariño'),(9501,45,'Caleruela'),(9502,46,'Algemesí'),(9503,47,'Cabreros del Monte'),(9504,48,'Etxebarri'),(9505,49,'Burganes de Valverde'),(9506,50,'Aniñón'),(9507,1,'Lagrán'),(9508,2,'Elche de la Sierra'),(9509,3,'Benidoleig'),(9510,4,'Canjáyar'),(9511,5,'Berrocalejo de Aragona'),(9512,6,'Capilla'),(9513,7,'Llubí'),(9514,8,'Cabrils'),(9515,9,'Ausines, Los'),(9516,10,'Bohonal de Ibor'),(9517,11,'Rota'),(9518,13,'Caracuel de Calatrava'),(9519,14,'Fuente Palmera'),(9520,15,'Coruña, A'),(9521,16,'Bascuñana de San Pedro'),(9522,17,'Cabanes'),(9523,18,'Bérchules'),(9524,20,'Eibar'),(9525,21,'Chucena'),(9526,23,'Chilluévar'),(9527,24,'Cacabelos'),(9528,25,'Pont de Bar, El'),(9529,26,'Bezares'),(9530,27,'Mondoñedo'),(9531,28,'Cabrera, La'),(9532,29,'Borge, El'),(9533,30,'Murcia'),(9534,31,'Arellano'),(9535,32,'Entrimo'),(9536,33,'Illas'),(9537,35,'Tuineje'),(9538,36,'Mondariz'),(9539,37,'Añover de Tormes'),(9540,38,'Puntallana'),(9541,39,'Guriezo'),(9542,40,'Bernardos'),(9543,41,'Castilleja del Campo'),(9544,42,'Barca'),(9545,43,'Bonastre'),(9546,45,'Calzada de Oropesa'),(9547,46,'Algimia de Alfara'),(9548,47,'Campaspero'),(9549,48,'Etxebarria'),(9550,49,'Bustillo del Oro'),(9551,50,'Añón de Moncayo'),(9552,1,'Laguardia'),(9553,2,'Férez'),(9554,3,'Benidorm'),(9555,4,'Cantoria'),(9556,6,'Carmonita'),(9557,7,'Llucmajor'),(9558,8,'Calaf'),(9559,10,'Botija'),(9560,11,'San Fernando'),(9561,12,'Borriol'),(9562,13,'Carrión de Calatrava'),(9563,14,'Fuente-Tójar'),(9564,15,'Culleredo'),(9565,16,'Beamud'),(9566,17,'Cabanelles'),(9567,19,'Angón'),(9568,20,'Elduain'),(9569,21,'Encinasola'),(9570,23,'Escañuela'),(9571,24,'Calzada del Coto'),(9572,25,'Arres'),(9573,26,'Bobadilla'),(9574,27,'Monforte de Lemos'),(9575,28,'Cadalso de los Vidrios'),(9576,29,'Burgo, El'),(9577,30,'Ojós'),(9578,31,'Areso'),(9579,32,'Esgos'),(9580,33,'Langreo'),(9581,34,'Belmonte de Campos'),(9582,35,'Valsequillo de Gran Canaria'),(9583,36,'Mondariz-Balneario'),(9584,37,'Arabayona de Mógica'),(9585,38,'Realejos, Los'),(9586,39,'Hazas de Cesto'),(9587,40,'Bernuy de Porreros'),(9588,41,'Castillo de las Guardas, El'),(9589,42,'Barcones'),(9590,43,'Borges del Camp, Les'),(9591,44,'Azaila'),(9592,45,'Camarena'),(9593,46,'Alginet'),(9594,47,'Campillo, El'),(9595,48,'Elantxobe'),(9596,49,'Cabañas de Sayago'),(9597,50,'Aranda de Moncayo'),(9598,1,'Lanciego/Lantziego'),(9599,2,'Fuensanta'),(9600,3,'Benifallim'),(9601,4,'Carboneras'),(9602,6,'Carrascalejo, El'),(9603,7,'Maó'),(9604,8,'Caldes d\'Estrac'),(9605,9,'Avellanosa de Muñó'),(9606,10,'Brozas'),(9607,11,'Sanlúcar de Barrameda'),(9608,12,'Borriana/Burriana'),(9609,13,'Carrizosa'),(9610,14,'Granjuela, La'),(9611,15,'Curtis'),(9612,16,'Belinchón'),(9613,17,'Cadaqués'),(9614,18,'Bubión'),(9615,19,'Anguita'),(9616,20,'Elgoibar'),(9617,21,'Escacena del Campo'),(9618,22,'Aragüés del Puerto'),(9619,23,'Espelúy'),(9620,24,'Campazas'),(9621,25,'Arsèguel'),(9622,26,'Brieva de Cameros'),(9623,27,'Monterroso'),(9624,28,'Camarma de Esteruelas'),(9625,29,'Campillos'),(9626,30,'Pliego'),(9627,31,'Arguedas'),(9628,32,'Xinzo de Limia'),(9629,33,'Laviana'),(9630,34,'Berzosilla'),(9631,35,'Valleseco'),(9632,36,'Moraña'),(9633,37,'Arapiles'),(9634,38,'Rosario, El'),(9635,39,'Hermandad de Campoo de Suso'),(9636,40,'Boceguillas'),(9637,41,'Cazalla de la Sierra'),(9638,42,'Bayubas de Abajo'),(9639,43,'Bot'),(9640,44,'Bádenas'),(9641,45,'Camarenilla'),(9642,46,'Almàssera'),(9643,47,'Camporredondo'),(9644,48,'Elorrio'),(9645,49,'Calzadilla de Tera'),(9646,50,'Arándiga'),(9647,1,'Lapuebla de Labarca'),(9648,2,'Fuente-Álamo'),(9649,3,'Benifato'),(9650,4,'Castro de Filabres'),(9651,5,'Blascomillán'),(9652,6,'Casas de Don Pedro'),(9653,7,'Manacor'),(9654,8,'Caldes de Montbui'),(9655,9,'Bahabón de Esgueva'),(9656,10,'Cabañas del Castillo'),(9657,11,'San Roque'),(9658,12,'Cabanes'),(9659,13,'Castellar de Santiago'),(9660,14,'Guadalcázar'),(9661,15,'Dodro'),(9662,16,'Belmonte'),(9663,17,'Caldes de Malavella'),(9664,18,'Busquístar'),(9665,19,'Anquela del Ducado'),(9666,20,'Elgeta'),(9667,21,'Fuenteheridos'),(9668,23,'Frailes'),(9669,24,'Campo de Villavidel'),(9670,25,'Artesa de Lleida'),(9671,26,'Briñas'),(9672,27,'Muras'),(9673,28,'Campo Real'),(9674,29,'Canillas de Aceituno'),(9675,30,'Puerto Lumbreras'),(9676,31,'Aria'),(9677,32,'Gomesende'),(9678,33,'Lena'),(9679,34,'Boada de Campos'),(9680,35,'Vega de San Mateo'),(9681,36,'Mos'),(9682,37,'Arcediano'),(9683,38,'San Andrés y Sauces'),(9684,39,'Herrerías'),(9685,40,'Brieva'),(9686,41,'Constantina'),(9687,42,'Bayubas de Arriba'),(9688,43,'Botarell'),(9689,44,'Báguena'),(9690,45,'Campillo de la Jara, El'),(9691,46,'Almiserà'),(9692,47,'Canalejas de Peñafiel'),(9693,48,'Ereño'),(9694,49,'Camarzana de Tera'),(9695,50,'Ardisa'),(9696,1,'Leza'),(9697,2,'Fuentealbilla'),(9698,3,'Benijófar'),(9699,4,'Cóbdar'),(9700,5,'Blasconuño de Matacabras'),(9701,6,'Casas de Reina'),(9702,7,'Mancor de la Vall'),(9703,8,'Calders'),(9704,9,'Balbases, Los'),(9705,10,'Cabezabellosa'),(9706,11,'Setenil de las Bodegas'),(9707,12,'Càlig'),(9708,13,'Ciudad Real'),(9709,14,'Guijo, El'),(9710,15,'Dumbría'),(9711,16,'Belmontejo'),(9712,17,'Calonge'),(9713,18,'Cacín'),(9714,19,'Anquela del Pedregal'),(9715,20,'Eskoriatza'),(9716,21,'Galaroza'),(9717,23,'Fuensanta de Martos'),(9718,24,'Camponaraya'),(9719,25,'Artesa de Segre'),(9720,26,'Briones'),(9721,27,'Navia de Suarna'),(9722,28,'Canencia'),(9723,29,'Canillas de Albaida'),(9724,30,'Ricote'),(9725,31,'Aribe'),(9726,32,'Gudiña, A'),(9727,33,'Valdés'),(9728,34,'Boadilla del Camino'),(9729,35,'Yaiza'),(9730,36,'Neves, As'),(9731,37,'Arco, El'),(9732,38,'San Juan de la Rambla'),(9733,39,'Lamasón'),(9734,40,'Caballar'),(9735,41,'Coria del Río'),(9736,42,'Beratón'),(9737,43,'Bràfim'),(9738,44,'Bañón'),(9739,45,'Camuñas'),(9740,46,'Almoines'),(9741,47,'Canillas de Esgueva'),(9742,48,'Ermua'),(9743,49,'Cañizal'),(9744,50,'Ariza'),(9745,2,'Gineta, La'),(9746,3,'Benilloba'),(9747,4,'Cuevas del Almanzora'),(9748,5,'Blascosancho'),(9749,6,'Castilblanco'),(9750,7,'Maria de la Salut'),(9751,8,'Calella'),(9752,9,'Baños de Valdearados'),(9753,10,'Cabezuela del Valle'),(9754,11,'Tarifa'),(9755,13,'Corral de Calatrava'),(9756,14,'Hinojosa del Duque'),(9757,15,'Fene'),(9758,16,'Beteta'),(9759,17,'Camós'),(9760,18,'Cádiar'),(9761,20,'Ezkio-Itsaso'),(9762,21,'Gibraleón'),(9763,22,'Arén'),(9764,23,'Fuerte del Rey'),(9765,25,'Sentiu de Sió, La'),(9766,26,'Cabezón de Cameros'),(9767,27,'Negueira de Muñiz'),(9768,28,'Carabaña'),(9769,29,'Cañete la Real'),(9770,30,'San Javier'),(9771,31,'Armañanzas'),(9772,32,'Irixo, O'),(9773,33,'Llanera'),(9774,34,'Boadilla de Rioseco'),(9775,36,'Nigrán'),(9776,37,'Armenteros'),(9777,38,'San Miguel de Abona'),(9778,39,'Laredo'),(9779,40,'Cabañas de Polendos'),(9780,41,'Coripe'),(9781,42,'Berlanga de Duero'),(9782,43,'Cabacés'),(9783,44,'Barrachina'),(9784,45,'Cardiel de los Montes'),(9785,46,'Almussafes'),(9786,47,'Carpio'),(9787,48,'Fruiz'),(9788,49,'Cañizo'),(9789,50,'Artieda'),(9790,1,'Laudio/Llodio'),(9791,2,'Golosalvo'),(9792,3,'Benillup'),(9793,4,'Chercos'),(9794,5,'Bohodón, El'),(9795,6,'Castuera'),(9796,7,'Marratxí'),(9797,8,'Calonge de Segarra'),(9798,9,'Bañuelos de Bureba'),(9799,10,'Cabrero'),(9800,11,'Torre Alháquime'),(9801,12,'Canet lo Roig'),(9802,13,'Cortijos, Los'),(9803,14,'Hornachuelos'),(9804,15,'Ferrol'),(9805,16,'Boniches'),(9806,17,'Campdevànol'),(9807,18,'Cájar'),(9808,19,'Aranzueque'),(9809,20,'Hondarribia'),(9810,21,'Granada de Río-Tinto, La'),(9811,22,'Argavieso'),(9812,24,'Candín'),(9813,25,'Aspa'),(9814,26,'Calahorra'),(9815,28,'Casarrubuelos'),(9816,29,'Carratraca'),(9817,30,'San Pedro del Pinatar'),(9818,31,'Arróniz'),(9819,32,'Xunqueira de Ambía'),(9820,33,'Llanes'),(9821,34,'Brañosera'),(9822,36,'Oia'),(9823,37,'San Miguel del Robledo'),(9824,38,'San Sebastián de la Gomera'),(9825,39,'Liendo'),(9826,40,'Cabezuela'),(9827,41,'Coronil, El'),(9828,42,'Blacos'),(9829,43,'Cabra del Camp'),(9830,44,'Bea'),(9831,45,'Carmena'),(9832,46,'Alpuente'),(9833,47,'Casasola de Arión'),(9834,48,'Galdakao'),(9835,49,'Carbajales de Alba'),(9836,50,'Asín'),(9837,1,'Arraia-Maeztu'),(9838,2,'Hellín'),(9839,3,'Benimantell'),(9840,4,'Chirivel'),(9841,5,'Bohoyo'),(9842,6,'Codosera, La'),(9843,7,'Mercadal, Es'),(9844,8,'Calldetenes'),(9845,9,'Barbadillo de Herreros'),(9846,10,'Cáceres'),(9847,11,'Trebujena'),(9848,12,'Castell de Cabres'),(9849,13,'Cózar'),(9850,14,'Iznájar'),(9851,15,'Fisterra'),(9852,17,'Campelles'),(9853,18,'Calicasas'),(9854,19,'Arbancón'),(9855,20,'Gaintza'),(9856,21,'Granado, El'),(9857,22,'Arguis'),(9858,23,'Génave'),(9859,24,'Cármenes'),(9860,25,'Avellanes i Santa Linya, Les'),(9861,26,'Camprovín'),(9862,27,'Nogais, As'),(9863,28,'Cenicientos'),(9864,29,'Cartajima'),(9865,30,'Torre-Pacheco'),(9866,31,'Arruazu'),(9867,32,'Xunqueira de Espadanedo'),(9868,33,'Mieres'),(9869,34,'Buenavista de Valdavia'),(9870,36,'Pazos de Borbén'),(9871,37,'Atalaya, La'),(9872,38,'Santa Cruz de la Palma'),(9873,39,'Liérganes'),(9874,40,'Calabazas de Fuentidueña'),(9875,41,'Corrales, Los'),(9876,42,'Bliecos'),(9877,43,'Calafell'),(9878,44,'Beceite'),(9879,45,'Carpio de Tajo, El'),(9880,46,'Alqueria de la Comtessa, l\''),(9881,47,'Castrejón de Trabancos'),(9882,48,'Galdames'),(9883,49,'Carbellino'),(9884,50,'Atea'),(9885,2,'Herrera, La'),(9886,3,'Benimarfull'),(9887,4,'Dalías'),(9888,5,'Bonilla de la Sierra'),(9889,6,'Cordobilla de Lácara'),(9890,7,'Montuïri'),(9891,8,'Callús'),(9892,9,'Barbadillo del Mercado'),(9893,10,'Cachorrilla'),(9894,11,'Ubrique'),(9895,12,'Castellfort'),(9896,13,'Chillón'),(9897,14,'Lucena'),(9898,15,'Frades'),(9899,16,'Buciegas'),(9900,17,'Campllong'),(9901,18,'Campotéjar'),(9902,19,'Arbeteta'),(9903,20,'Gabiria'),(9904,21,'Higuera de la Sierra'),(9905,23,'Guardia de Jaén, La'),(9906,24,'Carracedelo'),(9907,25,'Aitona'),(9908,26,'Canales de la Sierra'),(9909,27,'Ourol'),(9910,28,'Cercedilla'),(9911,29,'Cártama'),(9912,30,'Torres de Cotillas, Las'),(9913,31,'Artajona'),(9914,32,'Larouco'),(9915,33,'Morcín'),(9916,34,'Bustillo de la Vega'),(9917,36,'Pontevedra'),(9918,37,'Babilafuente'),(9919,38,'Santa Cruz de Tenerife'),(9920,39,'Limpias'),(9921,41,'Dos Hermanas'),(9922,42,'Borjabad'),(9923,43,'Cambrils'),(9924,44,'Belmonte de San José'),(9925,45,'Carranque'),(9926,46,'Andilla'),(9927,47,'Castrillo de Duero'),(9928,48,'Gamiz-Fika'),(9929,49,'Casaseca de Campeán'),(9930,50,'Ateca'),(9931,1,'Moreda de Álava/Moreda Araba'),(9932,2,'Higueruela'),(9933,3,'Benimassot'),(9934,5,'Brabos'),(9935,6,'Coronada, La'),(9936,7,'Muro'),(9937,8,'Campins'),(9938,9,'Barbadillo del Pez'),(9939,10,'Cadalso'),(9940,11,'Vejer de la Frontera'),(9941,12,'Castellnovo'),(9942,13,'Daimiel'),(9943,14,'Luque'),(9944,15,'Irixoa'),(9945,16,'Buenache de Alarcón'),(9946,17,'Camprodon'),(9947,18,'Caniles'),(9948,19,'Argecilla'),(9949,20,'Getaria'),(9950,21,'Hinojales'),(9951,22,'Ayerbe'),(9952,23,'Guarromán'),(9953,24,'Carrizo'),(9954,25,'Baix Pallars'),(9955,26,'Canillas de Río Tuerto'),(9956,27,'Outeiro de Rei'),(9957,28,'Cervera de Buitrago'),(9958,29,'Casabermeja'),(9959,30,'Totana'),(9960,31,'Artazu'),(9961,32,'Laza'),(9962,33,'Muros de Nalón'),(9963,34,'Bustillo del Páramo de Carrión'),(9964,36,'Porriño, O'),(9965,37,'Bañobárez'),(9966,38,'Santa Úrsula'),(9967,39,'Luena'),(9968,40,'Campo de San Pedro'),(9969,41,'Écija'),(9970,42,'Borobia'),(9971,43,'Capafonts'),(9972,44,'Bello'),(9973,45,'Carriches'),(9974,46,'Anna'),(9975,47,'Castrillo-Tejeriego'),(9976,48,'Garai'),(9977,49,'Casaseca de las Chanas'),(9978,50,'Azuara'),(9979,2,'Hoya-Gonzalo'),(9980,3,'Benimeli'),(9981,5,'Bularros'),(9982,6,'Corte de Peleas'),(9983,7,'Palma'),(9984,8,'Canet de Mar'),(9985,10,'Calzadilla'),(9986,11,'Villaluenga del Rosario'),(9987,12,'Castellón de la Plana/Castelló de la Plana'),(9988,13,'Fernán Caballero'),(9989,14,'Montalbán de Córdoba'),(9990,15,'Laxe'),(9991,16,'Buenache de la Sierra'),(9992,17,'Canet d\'Adri'),(9993,18,'Cáñar'),(9994,19,'Armallones'),(9995,20,'Hernani'),(9996,21,'Hinojos'),(9997,22,'Azanuy-Alins'),(9998,23,'Lahiguera'),(9999,24,'Carrocera'),(10000,25,'Balaguer'),(10001,26,'Cañas'),(10002,27,'Palas de Rei'),(10003,28,'Ciempozuelos'),(10004,29,'Casarabonela'),(10005,30,'Ulea'),(10006,31,'Atez'),(10007,32,'Leiro'),(10008,33,'Nava'),(10009,36,'Portas'),(10010,37,'Barbadillo'),(10011,38,'Santiago del Teide'),(10012,39,'Marina de Cudeyo'),(10013,40,'Cantalejo'),(10014,41,'Espartinas'),(10015,43,'Capçanes'),(10016,44,'Berge'),(10017,45,'Casar de Escalona, El'),(10018,46,'Antella'),(10019,47,'Castrobol'),(10020,48,'Gatika'),(10021,49,'Castrillo de la Guareña'),(10022,50,'Badules'),(10023,1,'Navaridas'),(10024,2,'Jorquera'),(10025,3,'Benissa'),(10026,4,'Enix'),(10027,5,'Burgohondo'),(10028,6,'Cristina'),(10029,7,'Petra'),(10030,8,'Canovelles'),(10031,9,'Barrio de Muñó'),(10032,10,'Caminomorisco'),(10033,11,'Villamartín'),(10034,12,'Castillo de Villamalefa'),(10035,13,'Fontanarejo'),(10036,14,'Montemayor'),(10037,15,'Laracha, A'),(10038,16,'Buendía'),(10039,17,'Cantallops'),(10040,19,'Armuña de Tajuña'),(10041,20,'Hernialde'),(10042,21,'Huelva'),(10043,22,'Azara'),(10044,23,'Higuera de Calatrava'),(10045,24,'Carucedo'),(10046,25,'Barbens'),(10047,26,'Cárdenas'),(10048,27,'Pantón'),(10049,28,'Cobeña'),(10050,29,'Casares'),(10051,30,'Unión, La'),(10052,31,'Ayegui/Aiegi'),(10053,32,'Lobeira'),(10054,33,'Navia'),(10055,34,'Calahorra de Boedo'),(10056,36,'Poio'),(10057,37,'Barbalos'),(10058,38,'Sauzal, El'),(10059,39,'Mazcuerras'),(10060,40,'Cantimpalos'),(10061,41,'Estepa'),(10062,42,'Buberos'),(10063,43,'Caseres'),(10064,44,'Bezas'),(10065,45,'Casarrubios del Monte'),(10066,46,'Aras de los Olmos'),(10067,47,'Castrodeza'),(10068,48,'Gautegiz Arteaga'),(10069,49,'Castrogonzalo'),(10070,50,'Bagüés'),(10071,1,'Okondo'),(10072,2,'Letur'),(10073,3,'Benitachell/Poble Nou de Benitatxell, el'),(10074,5,'Cabezas de Alambre'),(10075,6,'Cheles'),(10076,7,'Pollença'),(10077,8,'Cànoves i Samalús'),(10078,10,'Campillo de Deleitosa'),(10079,11,'Zahara'),(10080,12,'Catí'),(10081,13,'Fuencaliente'),(10082,14,'Montilla'),(10083,15,'Lousame'),(10084,16,'Campillo de Altobuey'),(10085,17,'Capmany'),(10086,18,'Capileira'),(10087,19,'Arroyo de las Fraguas'),(10088,20,'Ibarra'),(10089,21,'Isla Cristina'),(10090,22,'Azlor'),(10091,23,'Hinojares'),(10092,24,'Castilfalé'),(10093,25,'Baronia de Rialb, La'),(10094,26,'Casalarreina'),(10095,27,'Paradela'),(10096,28,'Colmenar del Arroyo'),(10097,29,'Coín'),(10098,30,'Villanueva del Río Segura'),(10099,31,'Azagra'),(10100,32,'Lobios'),(10101,33,'Noreña'),(10102,34,'Calzada de los Molinos'),(10103,36,'Ponteareas'),(10104,37,'Barceo'),(10105,38,'Silos, Los'),(10106,39,'Medio Cudeyo'),(10107,41,'Fuentes de Andalucía'),(10108,42,'Buitrago'),(10109,43,'Castellvell del Camp'),(10110,44,'Blancas'),(10111,45,'Casasbuenas'),(10112,46,'Aielo de Malferit'),(10113,47,'Castromembibre'),(10114,48,'Gordexola'),(10115,49,'Castronuevo'),(10116,50,'Balconchán'),(10117,1,'Oyón-Oion'),(10118,2,'Lezuza'),(10119,3,'Biar'),(10120,4,'Felix'),(10121,5,'Cabezas del Pozo'),(10122,6,'Don Álvaro'),(10123,7,'Porreres'),(10124,8,'Canyelles'),(10125,9,'Barrios de Bureba, Los'),(10126,10,'Campo Lugar'),(10127,12,'Caudiel'),(10128,13,'Fuenllana'),(10129,14,'Montoro'),(10130,15,'Malpica de Bergantiños'),(10131,16,'Campillos-Paravientos'),(10132,17,'Queralbs'),(10133,18,'Carataunas'),(10134,19,'Atanzón'),(10135,20,'Idiazabal'),(10136,21,'Jabugo'),(10137,22,'Baélls'),(10138,23,'Hornos'),(10139,24,'Castrillo de Cabrera'),(10140,25,'Vall de Boí, La'),(10141,26,'Castañares de Rioja'),(10142,27,'Páramo, O'),(10143,28,'Colmenar de Oreja'),(10144,29,'Colmenar'),(10145,30,'Yecla'),(10146,31,'Azuelo'),(10147,32,'Maceda'),(10148,33,'Onís'),(10149,36,'Ponte Caldelas'),(10150,38,'Tacoronte'),(10151,39,'Meruelo'),(10152,40,'Carbonero el Mayor'),(10153,41,'Garrobo, El'),(10154,42,'Burgo de Osma-Ciudad de Osma'),(10155,43,'Catllar, El'),(10156,44,'Blesa'),(10157,45,'Castillo de Bayuela'),(10158,46,'Aielo de Rugat'),(10159,47,'Castromonte'),(10160,48,'Gorliz'),(10161,49,'Castroverde de Campos'),(10162,50,'Bárboles'),(10163,1,'Peñacerrada-Urizaharra'),(10164,2,'Liétor'),(10165,3,'Bigastro'),(10166,4,'Fines'),(10167,5,'Cabezas del Villar'),(10168,6,'Don Benito'),(10169,7,'Pobla, Sa'),(10170,8,'Capellades'),(10171,9,'Barrios de Colina'),(10172,10,'Cañamero'),(10173,12,'Cervera del Maestre'),(10174,13,'Fuente el Fresno'),(10175,14,'Monturque'),(10176,15,'Mañón'),(10177,16,'Campillos-Sierra'),(10178,17,'Cassà de la Selva'),(10179,18,'Cástaras'),(10180,19,'Atienza'),(10181,20,'Ikaztegieta'),(10182,21,'Lepe'),(10183,22,'Bailo'),(10184,23,'Huelma'),(10185,24,'Castrillo de la Valduerna'),(10186,25,'Bassella'),(10187,26,'Castroviejo'),(10188,27,'Pastoriza, A'),(10189,28,'Colmenarejo'),(10190,29,'Comares'),(10191,31,'Bakaiku'),(10192,32,'Manzaneda'),(10193,33,'Oviedo'),(10194,36,'Pontecesures'),(10195,37,'Barruecopardo'),(10196,38,'Tanque, El'),(10197,39,'Miengo'),(10198,40,'Carrascal del Río'),(10199,41,'Gelves'),(10200,42,'Cabrejas del Campo'),(10201,43,'Sénia, La'),(10202,44,'Bordón'),(10203,46,'Ayora'),(10204,47,'Castronuevo de Esgueva'),(10205,48,'Getxo'),(10206,49,'Cazurra'),(10207,50,'Bardallur'),(10208,2,'Madrigueras'),(10209,3,'Bolulla'),(10210,4,'Fiñana'),(10211,5,'Cabizuela'),(10212,6,'Entrín Bajo'),(10213,7,'Puigpunyent'),(10214,8,'Capolat'),(10215,9,'Basconcillos del Tozo'),(10216,10,'Cañaveral'),(10217,12,'Cinctorres'),(10218,13,'Granátula de Calatrava'),(10219,14,'Moriles'),(10220,15,'Mazaricos'),(10221,16,'Canalejas del Arroyo'),(10222,18,'Castilléjar'),(10223,19,'Auñón'),(10224,20,'Irun'),(10225,21,'Linares de la Sierra'),(10226,22,'Baldellou'),(10227,23,'Huesa'),(10228,25,'Bausen'),(10229,26,'Cellorigo'),(10230,27,'Pedrafita do Cebreiro'),(10231,28,'Colmenar Viejo'),(10232,29,'Cómpeta'),(10233,31,'Barásoain'),(10234,32,'Maside'),(10235,33,'Parres'),(10236,34,'Capillas'),(10237,36,'Redondela'),(10238,37,'Bastida, La'),(10239,38,'Tazacorte'),(10240,39,'Miera'),(10241,40,'Casla'),(10242,41,'Gerena'),(10243,42,'Cabrejas del Pinar'),(10244,43,'Colldejou'),(10245,44,'Bronchales'),(10246,45,'Cazalegas'),(10247,46,'Barxeta'),(10248,47,'Castronuño'),(10249,48,'Güeñes'),(10250,50,'Belchite'),(10251,1,'Erriberagoitia/Ribera Alta'),(10252,2,'Mahora'),(10253,3,'Busot'),(10254,4,'Fondón'),(10255,5,'Canales'),(10256,6,'Esparragalejo'),(10257,7,'Sant Antoni de Portmany'),(10258,8,'Cardedeu'),(10259,9,'Bascuñana'),(10260,10,'Carbajo'),(10261,12,'Cirat'),(10262,13,'Guadalmez'),(10263,14,'Nueva Carteya'),(10264,15,'Melide'),(10265,16,'Cañada del Hoyo'),(10266,17,'Castellfollit de la Roca'),(10267,18,'Castril'),(10268,19,'Azuqueca de Henares'),(10269,20,'Irura'),(10270,21,'Lucena del Puerto'),(10271,22,'Ballobar'),(10272,23,'Ibros'),(10273,24,'Castrocalbón'),(10274,25,'Belianes'),(10275,26,'Cenicero'),(10276,27,'Pol'),(10277,28,'Collado Mediano'),(10278,29,'Cortes de la Frontera'),(10279,31,'Barbarin'),(10280,32,'Melón'),(10281,33,'Peñamellera Alta'),(10282,34,'Cardeñosa de Volpejera'),(10283,36,'Ribadumia'),(10284,37,'Béjar'),(10285,38,'Tegueste'),(10286,39,'Molledo'),(10287,40,'Castillejo de Mesleón'),(10288,41,'Gilena'),(10289,42,'Calatañazor'),(10290,43,'Conesa'),(10291,44,'Bueña'),(10292,45,'Cebolla'),(10293,46,'Barx'),(10294,47,'Castroponce'),(10295,48,'Gernika-Lumo'),(10296,49,'Cerecinos de Campos'),(10297,50,'Belmonte de Gracián'),(10298,1,'Ribera Baja/Erribera Beitia'),(10299,2,'Masegoso'),(10300,3,'Calp'),(10301,4,'Gádor'),(10302,5,'Candeleda'),(10303,6,'Esparragosa de la Serena'),(10304,7,'Sencelles'),(10305,8,'Cardona'),(10306,9,'Belbimbre'),(10307,10,'Carcaboso'),(10308,13,'Herencia'),(10309,14,'Obejo'),(10310,15,'Mesía'),(10311,16,'Cañada Juncosa'),(10312,17,'Castelló d\'Empúries'),(10313,18,'Cenes de la Vega'),(10314,19,'Baides'),(10315,20,'Itsasondo'),(10316,21,'Manzanilla'),(10317,22,'Banastás'),(10318,23,'Iruela, La'),(10319,24,'Castrocontrigo'),(10320,25,'Bellcaire d\'Urgell'),(10321,26,'Cervera del Río Alhama'),(10322,27,'Pobra do Brollón, A'),(10323,28,'Collado Villalba'),(10324,29,'Cuevas Bajas'),(10325,31,'Bargota'),(10326,32,'Merca, A'),(10327,33,'Peñamellera Baja'),(10328,34,'Carrión de los Condes'),(10329,36,'Rodeiro'),(10330,37,'Beleña'),(10331,38,'Tijarafe'),(10332,39,'Noja'),(10333,40,'Castro de Fuentidueña'),(10334,41,'Gines'),(10335,43,'Constantí'),(10336,44,'Burbáguena'),(10337,45,'Cedillo del Condado'),(10338,46,'Bèlgida'),(10339,47,'Castroverde de Cerrato'),(10340,48,'Gizaburuaga'),(10341,49,'Cerecinos del Carrizal'),(10342,50,'Berdejo'),(10343,2,'Minaya'),(10344,3,'Callosa d\'En Sarrià'),(10345,4,'Gallardos, Los'),(10346,5,'Cantiveros'),(10347,6,'Esparragosa de Lares'),(10348,7,'Sant Josep de sa Talaia'),(10349,8,'Carme'),(10350,9,'Belorado'),(10351,10,'Carrascalejo'),(10352,12,'Cortes de Arenoso'),(10353,13,'Hinojosas de Calatrava'),(10354,14,'Palenciana'),(10355,15,'Miño'),(10356,16,'Cañamares'),(10357,17,'Castell-Platja d\'Aro'),(10358,18,'Cijuela'),(10359,19,'Baños de Tajo'),(10360,20,'Larraul'),(10361,21,'Marines, Los'),(10362,22,'Barbastro'),(10363,23,'Iznatoraf'),(10364,25,'Bell-lloc d\'Urgell'),(10365,26,'Cidamón'),(10366,27,'Pontenova, A'),(10367,28,'Corpa'),(10368,29,'Cuevas del Becerro'),(10369,31,'Barillas'),(10370,32,'Mezquita, A'),(10371,33,'Pesoz'),(10372,34,'Castil de Vela'),(10373,36,'Rosal, O'),(10374,38,'Valverde'),(10375,39,'Penagos'),(10376,40,'Castrojimeno'),(10377,41,'Guadalcanal'),(10378,42,'Caltojar'),(10379,43,'Corbera d\'Ebre'),(10380,44,'Cabra de Mora'),(10381,45,'Cerralbos, Los'),(10382,46,'Bellreguard'),(10383,47,'Ceinos de Campos'),(10384,48,'Ibarrangelu'),(10385,49,'Cernadilla'),(10386,50,'Berrueco'),(10387,1,'Añana'),(10388,2,'Molinicos'),(10389,3,'Callosa de Segura'),(10390,4,'Garrucha'),(10391,5,'Cardeñosa'),(10392,6,'Feria'),(10393,7,'Sant Joan'),(10394,8,'Casserres'),(10395,10,'Casar de Cáceres'),(10396,12,'Costur'),(10397,13,'Horcajo de los Montes'),(10398,14,'Palma del Río'),(10399,15,'Moeche'),(10400,16,'Cañavate, El'),(10401,17,'Celrà'),(10402,18,'Cogollos de Guadix'),(10403,19,'Bañuelos'),(10404,20,'Lazkao'),(10405,21,'Minas de Riotinto'),(10406,22,'Barbués'),(10407,23,'Jabalquinto'),(10408,24,'Castropodame'),(10409,25,'Bellmunt d\'Urgell'),(10410,26,'Cihuri'),(10411,27,'Portomarín'),(10412,28,'Coslada'),(10413,29,'Cuevas de San Marcos'),(10414,31,'Basaburua'),(10415,32,'Montederramo'),(10416,33,'Piloña'),(10417,34,'Castrejón de la Peña'),(10418,36,'Salceda de Caselas'),(10419,37,'Bermellar'),(10420,38,'Valle Gran Rey'),(10421,39,'Peñarrubia'),(10422,40,'Castroserna de Abajo'),(10423,41,'Guillena'),(10424,42,'Candilichera'),(10425,43,'Cornudella de Montsant'),(10426,44,'Calaceite'),(10427,45,'Cervera de los Montes'),(10428,46,'Bellús'),(10429,47,'Cervillego de la Cruz'),(10430,48,'Ispaster'),(10431,2,'Montalvos'),(10432,3,'Campello, el'),(10433,4,'Gérgal'),(10434,6,'Fregenal de la Sierra'),(10435,7,'Sant Joan de Labritja'),(10436,8,'Castellar del Riu'),(10437,9,'Berberana'),(10438,10,'Casar de Palomero'),(10439,12,'Coves de Vinromà, les'),(10440,13,'Labores, Las'),(10441,14,'Pedro Abad'),(10442,15,'Monfero'),(10443,16,'Cañaveras'),(10444,17,'Cervià de Ter'),(10445,18,'Cogollos de la Vega'),(10446,19,'Barriopedro'),(10447,20,'Leaburu'),(10448,21,'Moguer'),(10449,22,'Barbuñales'),(10450,23,'Jaén'),(10451,24,'Castrotierra de Valmadrigal'),(10452,25,'Bellpuig'),(10453,26,'Cirueña'),(10454,27,'Quiroga'),(10455,28,'Cubas de la Sagra'),(10456,29,'Cútar'),(10457,31,'Baztan'),(10458,32,'Monterrei'),(10459,33,'Ponga'),(10460,34,'Castrillo de Don Juan'),(10461,36,'Salvaterra de Miño'),(10462,37,'Berrocal de Huebra'),(10463,38,'Vallehermoso'),(10464,39,'Pesaguero'),(10465,41,'Herrera'),(10466,42,'Cañamaque'),(10467,43,'Creixell'),(10468,44,'Calamocha'),(10469,45,'Ciruelos'),(10470,46,'Benagéber'),(10471,47,'Cigales'),(10472,48,'Izurtza'),(10473,49,'Cobreros'),(10474,50,'Bijuesca'),(10475,1,'Salvatierra/Agurain'),(10476,2,'Montealegre del Castillo'),(10477,3,'Campo de Mirra/Camp de Mirra, el'),(10478,4,'Huécija'),(10479,5,'Carrera, La'),(10480,6,'Fuenlabrada de los Montes'),(10481,7,'Sant Llorenç des Cardassar'),(10482,8,'Castellar del Vallès'),(10483,9,'Berlangas de Roa'),(10484,10,'Casares de las Hurdes'),(10485,12,'Culla'),(10486,13,'Luciana'),(10487,14,'Pedroche'),(10488,15,'Mugardos'),(10489,16,'Cañaveruelas'),(10490,17,'Cistella'),(10491,18,'Colomera'),(10492,19,'Berninches'),(10493,20,'Legazpi'),(10494,21,'Nava, La'),(10495,22,'Bárcabo'),(10496,23,'Jamilena'),(10497,24,'Cea'),(10498,25,'Bellver de Cerdanya'),(10499,26,'Clavijo'),(10500,27,'Ribadeo'),(10501,28,'Chapinería'),(10502,29,'Estepona'),(10503,31,'Beire'),(10504,32,'Muíños'),(10505,33,'Pravia'),(10506,34,'Castrillo de Onielo'),(10507,36,'Sanxenxo'),(10508,37,'Berrocal de Salvatierra'),(10509,38,'Victoria de Acentejo, La'),(10510,39,'Pesquera'),(10511,40,'Castroserracín'),(10512,41,'Huévar del Aljarafe'),(10513,42,'Carabantes'),(10514,43,'Cunit'),(10515,44,'Calanda'),(10516,45,'Cobeja'),(10517,46,'Benaguasil'),(10518,47,'Ciguñuela'),(10519,48,'Lanestosa'),(10520,50,'Biota'),(10521,1,'Samaniego'),(10522,2,'Motilleja'),(10523,3,'Cañada'),(10524,4,'Huércal de Almería'),(10525,5,'Casas del Puerto'),(10526,6,'Fuente de Cantos'),(10527,7,'Sant Lluís'),(10528,8,'Castellar de n\'Hug'),(10529,9,'Berzosa de Bureba'),(10530,10,'Casas de Don Antonio'),(10531,12,'Chert/Xert'),(10532,13,'Malagón'),(10533,14,'Peñarroya-Pueblonuevo'),(10534,15,'Muxía'),(10535,16,'Cañete'),(10536,17,'Siurana'),(10537,19,'Bodera, La'),(10538,20,'Legorreta'),(10539,21,'Nerva'),(10540,22,'Belver de Cinca'),(10541,23,'Jimena'),(10542,24,'Cebanico'),(10543,25,'Bellvís'),(10544,26,'Cordovín'),(10545,27,'Ribas de Sil'),(10546,28,'Chinchón'),(10547,29,'Faraján'),(10548,31,'Belascoáin'),(10549,32,'Nogueira de Ramuín'),(10550,33,'Proaza'),(10551,34,'Castrillo de Villavega'),(10552,36,'Silleda'),(10553,37,'Boada'),(10554,38,'Vilaflor'),(10555,39,'Piélagos'),(10556,40,'Cedillo de la Torre'),(10557,41,'Lantejuela, La'),(10558,42,'Caracena'),(10559,43,'Xerta'),(10560,44,'Calomarde'),(10561,45,'Cobisa'),(10562,46,'Benavites'),(10563,47,'Cistérniga'),(10564,48,'Larrabetzu'),(10565,49,'Coomonte'),(10566,50,'Bisimbre'),(10567,1,'San Millán/Donemiliaga'),(10568,2,'Munera'),(10569,3,'Castalla'),(10570,4,'Huércal-Overa'),(10571,5,'Casasola'),(10572,6,'Fuente del Arco'),(10573,7,'Santa Eugènia'),(10574,8,'Castellbell i el Vilar'),(10575,10,'Casas de Don Gómez'),(10576,12,'Chilches/Xilxes'),(10577,13,'Manzanares'),(10578,14,'Posadas'),(10579,15,'Muros'),(10580,16,'Cañizares'),(10581,18,'Cortes de Baza'),(10582,19,'Brihuega'),(10583,20,'Lezo'),(10584,21,'Niebla'),(10585,22,'Benabarre'),(10586,23,'Jódar'),(10587,24,'Cebrones del Río'),(10588,25,'Benavent de Segrià'),(10589,26,'Corera'),(10590,27,'Ribeira de Piquín'),(10591,28,'Daganzo de Arriba'),(10592,29,'Frigiliana'),(10593,31,'Berbinzana'),(10594,32,'Oímbra'),(10595,33,'Quirós'),(10596,34,'Castromocho'),(10597,36,'Soutomaior'),(10598,38,'Villa de Mazo'),(10599,39,'Polaciones'),(10600,40,'Cerezo de Abajo'),(10601,41,'Lebrija'),(10602,42,'Carrascosa de Abajo'),(10603,43,'Duesaigües'),(10604,44,'Camañas'),(10605,45,'Consuegra'),(10606,46,'Beneixida'),(10607,47,'Cogeces de Íscar'),(10608,48,'Laukiz'),(10609,49,'Coreses'),(10610,50,'Boquiñeni'),(10611,1,'Urkabustaiz'),(10612,2,'Navas de Jorquera'),(10613,3,'Castell de Castells'),(10614,4,'Illar'),(10615,5,'Casavieja'),(10616,6,'Fuente del Maestre'),(10617,7,'Santa Eulalia del Río'),(10618,8,'Castellbisbal'),(10619,9,'Bozoó'),(10620,10,'Casas del Castañar'),(10621,13,'Membrilla'),(10622,14,'Pozoblanco'),(10623,15,'Narón'),(10624,17,'Colera'),(10625,18,'Cortes y Graena'),(10626,19,'Budia'),(10627,20,'Lizartza'),(10628,21,'Palma del Condado, La'),(10629,22,'Benasque'),(10630,23,'Larva'),(10631,24,'Cimanes de la Vega'),(10632,26,'Cornago'),(10633,27,'Riotorto'),(10634,28,'Escorial, El'),(10635,29,'Fuengirola'),(10636,31,'Bertizarana'),(10637,32,'Ourense'),(10638,33,'Regueras, Las'),(10639,36,'Tomiño'),(10640,37,'Bodón, El'),(10641,39,'Polanco'),(10642,40,'Cerezo de Arriba'),(10643,41,'Lora de Estepa'),(10644,42,'Carrascosa de la Sierra'),(10645,43,'Espluga de Francolí, L\''),(10646,44,'Camarena de la Sierra'),(10647,45,'Corral de Almaguer'),(10648,46,'Benetússer'),(10649,47,'Cogeces del Monte'),(10650,48,'Leioa'),(10651,49,'Corrales del Vino'),(10652,50,'Bordalba'),(10653,1,'Valdegovía/Gaubea'),(10654,2,'Nerpio'),(10655,3,'Catral'),(10656,4,'Instinción'),(10657,5,'Casillas'),(10658,6,'Fuentes de León'),(10659,7,'Santa Margalida'),(10660,8,'Castellcir'),(10661,9,'Brazacorta'),(10662,10,'Casas del Monte'),(10663,12,'Chodos/Xodos'),(10664,13,'Mestanza'),(10665,14,'Priego de Córdoba'),(10666,15,'Neda'),(10667,16,'Carboneras de Guadazaón'),(10668,17,'Colomers'),(10669,19,'Bujalaro'),(10670,20,'Arrasate/Mondragón'),(10671,21,'Palos de la Frontera'),(10672,22,'Berbegal'),(10673,23,'Linares'),(10674,24,'Cimanes del Tejar'),(10675,25,'Biosca'),(10676,26,'Corporales'),(10677,27,'Samos'),(10678,28,'Estremera'),(10679,29,'Fuente de Piedra'),(10680,31,'Betelu'),(10681,32,'Paderne de Allariz'),(10682,33,'Ribadedeva'),(10683,34,'Cervatos de la Cueza'),(10684,36,'Tui'),(10685,37,'Bogajo'),(10686,39,'Potes'),(10687,40,'Cilleruelo de San Mamés'),(10688,41,'Lora del Río'),(10689,42,'Casarejos'),(10690,43,'Falset'),(10691,44,'Camarillas'),(10692,45,'Cuerva'),(10693,46,'Beniarjó'),(10694,47,'Corcos'),(10695,48,'Lemoa'),(10696,49,'Cotanes del Monte'),(10697,50,'Borja'),(10698,1,'Harana/Valle de Arana'),(10699,2,'Ontur'),(10700,3,'Cocentaina'),(10701,4,'Laroya'),(10702,5,'Castellanos de Zapardiel'),(10703,6,'Garbayuela'),(10704,7,'Santa María del Camí'),(10705,8,'Castelldefels'),(10706,9,'Briviesca'),(10707,10,'Casas de Millán'),(10708,12,'Chóvar'),(10709,13,'Miguelturra'),(10710,14,'Puente Genil'),(10711,15,'Negreira'),(10712,16,'Cardenete'),(10713,17,'Cornellà del Terri'),(10714,18,'Cúllar'),(10715,20,'Mutriku'),(10716,21,'Paterna del Campo'),(10717,23,'Lopera'),(10718,24,'Cistierna'),(10719,25,'Bovera'),(10720,26,'Cuzcurrita de Río Tirón'),(10721,27,'Rábade'),(10722,28,'Fresnedillas de la Oliva'),(10723,29,'Gaucín'),(10724,31,'Biurrun-Olcoz'),(10725,32,'Padrenda'),(10726,33,'Ribadesella'),(10727,34,'Cervera de Pisuerga'),(10728,36,'Valga'),(10729,37,'Bouza, La'),(10730,39,'Puente Viesgo'),(10731,40,'Cobos de Fuentidueña'),(10732,41,'Luisiana, La'),(10733,42,'Castilfrío de la Sierra'),(10734,43,'Fatarella, La'),(10735,44,'Caminreal'),(10736,45,'Chozas de Canales'),(10737,46,'Beniatjar'),(10738,47,'Corrales de Duero'),(10739,48,'Lemoiz'),(10740,49,'Cubillos'),(10741,50,'Botorrita'),(10742,1,'Villabuena de Álava/Eskuernaga'),(10743,2,'Ossa de Montiel'),(10744,3,'Confrides'),(10745,4,'Láujar de Andarax'),(10746,5,'Cebreros'),(10747,6,'Garlitos'),(10748,7,'Santanyí'),(10749,8,'Castell de l\'Areny'),(10750,9,'Bugedo'),(10751,10,'Casas de Miravete'),(10752,12,'Eslida'),(10753,13,'Montiel'),(10754,14,'Rambla, La'),(10755,15,'Noia'),(10756,16,'Carrascosa'),(10757,17,'Corçà'),(10758,18,'Cúllar Vega'),(10759,19,'Bustares'),(10760,20,'Mutiloa'),(10761,21,'Paymogo'),(10762,22,'Bielsa'),(10763,23,'Lupión'),(10764,24,'Congosto'),(10765,25,'Bòrdes, Es'),(10766,26,'Daroca de Rioja'),(10767,27,'Sarria'),(10768,28,'Fresno de Torote'),(10769,29,'Genalguacil'),(10770,31,'Buñuel'),(10771,32,'Parada de Sil'),(10772,33,'Ribera de Arriba'),(10773,34,'Cevico de la Torre'),(10774,36,'Vigo'),(10775,37,'Bóveda del Río Almar'),(10776,39,'Ramales de la Victoria'),(10777,40,'Coca'),(10778,41,'Madroño, El'),(10779,42,'Castilruiz'),(10780,43,'Febró, La'),(10781,45,'Chueca'),(10782,46,'Benicolet'),(10783,47,'Cubillas de Santa Marta'),(10784,48,'Lekeitio'),(10785,49,'Cubo de Benavente'),(10786,50,'Brea de Aragón'),(10787,1,'Legutio'),(10788,2,'Paterna del Madera'),(10789,3,'Cox'),(10790,4,'Líjar'),(10791,5,'Cepeda la Mora'),(10792,6,'Garrovilla, La'),(10793,7,'Selva'),(10794,8,'Castellet i la Gornal'),(10795,9,'Buniel'),(10796,10,'Casatejada'),(10797,12,'Espadilla'),(10798,13,'Moral de Calatrava'),(10799,14,'Rute'),(10800,15,'Oleiros'),(10801,16,'Carrascosa de Haro'),(10802,17,'Crespià'),(10803,19,'Cabanillas del Campo'),(10804,20,'Olaberria'),(10805,21,'Puebla de Guzmán'),(10806,22,'Bierge'),(10807,23,'Mancha Real'),(10808,24,'Corbillos de los Oteros'),(10809,25,'Borges Blanques, Les'),(10810,26,'Enciso'),(10811,27,'Saviñao, O'),(10812,28,'Fuenlabrada'),(10813,29,'Guaro'),(10814,31,'Auritz/Burguete'),(10815,32,'Pereiro de Aguiar, O'),(10816,33,'Riosa'),(10817,34,'Cevico Navero'),(10818,36,'Vilaboa'),(10819,37,'Brincones'),(10820,39,'Rasines'),(10821,40,'Codorniz'),(10822,41,'Mairena del Alcor'),(10823,42,'Castillejo de Robledo'),(10824,43,'Figuera, La'),(10825,45,'Domingo Pérez'),(10826,46,'Benifairó de les Valls'),(10827,47,'Cuenca de Campos'),(10828,48,'Mallabia'),(10829,49,'Cubo de Tierra del Vino, El'),(10830,50,'Bubierca'),(10831,1,'Vitoria-Gasteiz'),(10832,2,'Peñascosa'),(10833,3,'Crevillent'),(10834,4,'Lubrín'),(10835,5,'Cillán'),(10836,6,'Granja de Torrehermosa'),(10837,7,'Salines, Ses'),(10838,8,'Castellfollit del Boix'),(10839,9,'Burgos'),(10840,10,'Casillas de Coria'),(10841,12,'Fanzara'),(10842,13,'Navalpino'),(10843,14,'San Sebastián de los Ballesteros'),(10844,15,'Ordes'),(10845,18,'Chauchina'),(10846,19,'Campillo de Dueñas'),(10847,20,'Oñati'),(10848,21,'Puerto Moral'),(10849,22,'Biescas'),(10850,23,'Marmolejo'),(10851,24,'Corullón'),(10852,25,'Bossòst'),(10853,26,'Entrena'),(10854,27,'Sober'),(10855,28,'Fuente el Saz de Jarama'),(10856,29,'Humilladero'),(10857,31,'Burgui/Burgi'),(10858,32,'Peroxa, A'),(10859,33,'Salas'),(10860,34,'Cisneros'),(10861,36,'Vila de Cruces'),(10862,37,'Buenamadre'),(10863,39,'Reinosa'),(10864,40,'Collado Hermoso'),(10865,41,'Mairena del Aljarafe'),(10866,42,'Centenera de Andaluz'),(10867,43,'Figuerola del Camp'),(10868,44,'Cantavieja'),(10869,45,'Dosbarrios'),(10870,46,'Benifairó de la Valldigna'),(10871,47,'Curiel de Duero'),(10872,48,'Mañaria'),(10873,49,'Cuelgamures'),(10874,50,'Bujaraloz'),(10875,1,'Yécora/Iekora'),(10876,2,'Peñas de San Pedro'),(10877,3,'Quatretondeta'),(10878,4,'Lucainena de las Torres'),(10879,5,'Cisla'),(10880,6,'Guareña'),(10881,7,'Sineu'),(10882,8,'Castellfollit de Riubregós'),(10883,9,'Busto de Bureba'),(10884,10,'Castañar de Ibor'),(10885,12,'Figueroles'),(10886,13,'Navas de Estena'),(10887,14,'Santaella'),(10888,15,'Oroso'),(10889,16,'Casas de Benítez'),(10890,17,'Darnius'),(10891,19,'Campillo de Ranas'),(10892,20,'Orexa'),(10893,21,'Punta Umbría'),(10894,22,'Binaced'),(10895,23,'Martos'),(10896,24,'Crémenes'),(10897,25,'Cabanabona'),(10898,26,'Estollo'),(10899,27,'Taboada'),(10900,28,'Fuentidueña de Tajo'),(10901,29,'Igualeja'),(10902,31,'Burlada/Burlata'),(10903,32,'Petín'),(10904,33,'San Martín del Rey Aurelio'),(10905,34,'Cobos de Cerrato'),(10906,36,'Vilagarcía de Arousa'),(10907,37,'Buenavista'),(10908,39,'Reocín'),(10909,40,'Condado de Castilnovo'),(10910,41,'Marchena'),(10911,42,'Cerbón'),(10912,43,'Flix'),(10913,44,'Cañada de Benatanduz'),(10914,45,'Erustes'),(10915,46,'Benifaió'),(10916,47,'Encinas de Esgueva'),(10917,48,'Markina-Xemein'),(10918,50,'Bulbuente'),(10919,1,'Zalduondo'),(10920,2,'Pétrola'),(10921,3,'Daya Nueva'),(10922,4,'Lúcar'),(10923,5,'Colilla, La'),(10924,6,'Haba, La'),(10925,7,'Sóller'),(10926,8,'Castellgalí'),(10927,9,'Cabañes de Esgueva'),(10928,10,'Ceclavín'),(10929,12,'Forcall'),(10930,13,'Pedro Muñoz'),(10931,14,'Santa Eufemia'),(10932,15,'Ortigueira'),(10933,16,'Casas de Fernando Alonso'),(10934,17,'Das'),(10935,18,'Chimeneas'),(10936,19,'Campisábalos'),(10937,20,'Orio'),(10938,21,'Rociana del Condado'),(10939,22,'Binéfar'),(10940,23,'Mengíbar'),(10941,24,'Cuadros'),(10942,25,'Cabó'),(10943,26,'Ezcaray'),(10944,27,'Trabada'),(10945,28,'Galapagar'),(10946,29,'Istán'),(10947,31,'Busto, El'),(10948,32,'Piñor'),(10949,33,'San Martín de Oscos'),(10950,34,'Collazos de Boedo'),(10951,36,'Vilanova de Arousa'),(10952,37,'Cabaco, El'),(10953,39,'Ribamontán al Mar'),(10954,40,'Corral de Ayllón'),(10955,41,'Marinaleda'),(10956,42,'Cidones'),(10957,43,'Forès'),(10958,44,'Cañada de Verich, La'),(10959,45,'Escalona'),(10960,46,'Beniflá'),(10961,47,'Esguevillas de Esgueva'),(10962,48,'Maruri-Jatabe'),(10963,49,'Entrala'),(10964,50,'Bureta'),(10965,1,'Zambrana'),(10966,2,'Povedilla'),(10967,3,'Daya Vieja'),(10968,4,'Macael'),(10969,5,'Collado de Contreras'),(10970,6,'Helechosa de los Montes'),(10971,7,'Son Servera'),(10972,8,'Castellnou de Bages'),(10973,9,'Cabezón de la Sierra'),(10974,10,'Cedillo'),(10975,13,'Picón'),(10976,14,'Torrecampo'),(10977,15,'Outes'),(10978,16,'Casas de Garcimolina'),(10979,17,'Escala, L\''),(10980,18,'Churriana de la Vega'),(10981,20,'Ormaiztegi'),(10982,21,'Rosal de la Frontera'),(10983,22,'Bisaurri'),(10984,23,'Montizón'),(10985,24,'Cubillas de los Oteros'),(10986,25,'Camarasa'),(10987,26,'Foncea'),(10988,27,'Triacastela'),(10989,28,'Garganta de los Montes'),(10990,29,'Iznate'),(10991,31,'Cabanillas'),(10992,32,'Porqueira'),(10993,33,'Santa Eulalia de Oscos'),(10994,34,'Congosto de Valdavia'),(10995,37,'Cabezabellosa de la Calzada'),(10996,39,'Ribamontán al Monte'),(10997,40,'Cubillo'),(10998,41,'Martín de la Jara'),(10999,42,'Cigudosa'),(11000,43,'Freginals'),(11001,44,'Cañada Vellida'),(11002,45,'Escalonilla'),(11003,46,'Benigánim'),(11004,47,'Fombellida'),(11005,48,'Mendata'),(11006,49,'Espadañedo'),(11007,50,'Burgo de Ebro, El'),(11008,1,'Zuia'),(11009,2,'Pozohondo'),(11010,3,'Dénia'),(11011,4,'María'),(11012,5,'Collado del Mirón'),(11013,6,'Herrera del Duque'),(11014,7,'Valldemossa'),(11015,8,'Castellolí'),(11016,9,'Cavia'),(11017,10,'Cerezo'),(11018,12,'Fuente la Reina'),(11019,13,'Piedrabuena'),(11020,14,'Valenzuela'),(11021,15,'Oza dos Ríos'),(11022,16,'Casas de Guijarro'),(11023,17,'Espinelves'),(11024,18,'Darro'),(11025,20,'Oiartzun'),(11026,21,'San Bartolomé de la Torre'),(11027,22,'Biscarrués'),(11028,23,'Navas de San Juan'),(11029,24,'Cubillas de Rueda'),(11030,25,'Canejan'),(11031,26,'Fonzaleche'),(11032,27,'Valadouro, O'),(11033,28,'Gargantilla del Lozoya y Pinilla de Buitrago'),(11034,29,'Jimera de Líbar'),(11035,31,'Cabredo'),(11036,32,'Pobra de Trives, A'),(11037,33,'San Tirso de Abres'),(11038,34,'Cordovilla la Real'),(11039,37,'Cabeza de Béjar, La'),(11040,39,'Rionansa'),(11041,40,'Cuéllar'),(11042,41,'Molares, Los'),(11043,42,'Cihuela'),(11044,43,'Galera, La'),(11045,44,'Cañizar del Olivar'),(11046,45,'Espinoso del Rey'),(11047,46,'Benimodo'),(11048,47,'Fompedraza'),(11049,48,'Mendexa'),(11050,49,'Faramontanos de Tábara'),(11051,50,'Buste, El'),(11052,2,'Pozo-Lorente'),(11053,3,'Dolores'),(11054,4,'Mojácar'),(11055,5,'Constanzana'),(11056,6,'Higuera de la Serena'),(11057,7,'Castell, Es'),(11058,8,'Castellterçol'),(11059,9,'Caleruega'),(11060,10,'Cilleros'),(11061,12,'Fuentes de Ayódar'),(11062,13,'Poblete'),(11063,14,'Valsequillo'),(11064,15,'Paderne'),(11065,16,'Casas de Haro'),(11066,17,'Espolla'),(11067,18,'Dehesas de Guadix'),(11068,19,'Canredondo'),(11069,20,'Pasaia'),(11070,21,'San Juan del Puerto'),(11071,22,'Blecua y Torres'),(11072,23,'Noalejo'),(11073,24,'Cubillos del Sil'),(11074,25,'Castellar de la Ribera'),(11075,26,'Fuenmayor'),(11076,27,'Vicedo, O'),(11077,28,'Gascones'),(11078,29,'Jubrique'),(11079,31,'Cadreita'),(11080,32,'Pontedeva'),(11081,33,'Santo Adriano'),(11082,39,'Riotuerto'),(11083,41,'Montellano'),(11084,42,'Ciria'),(11085,43,'Gandesa'),(11086,44,'Cascante del Río'),(11087,45,'Esquivias'),(11088,46,'Benimuslem'),(11089,47,'Fontihoyuelo'),(11090,48,'Meñaka'),(11091,49,'Fariza'),(11092,50,'Cabañas de Ebro'),(11093,2,'Pozuelo'),(11094,3,'Elche/Elx'),(11095,4,'Nacimiento'),(11096,5,'Crespos'),(11097,6,'Higuera de Llerena'),(11098,7,'Vilafranca de Bonany'),(11099,8,'Castellví de la Marca'),(11100,9,'Campillo de Aranda'),(11101,10,'Collado'),(11102,12,'Gaibiel'),(11103,13,'Porzuna'),(11104,14,'Victoria, La'),(11105,15,'Padrón'),(11106,16,'Casas de los Pinos'),(11107,17,'Esponellà'),(11108,19,'Cantalojas'),(11109,20,'Soraluze/Placencia de las Armas'),(11110,21,'Sanlúcar de Guadiana'),(11111,23,'Orcera'),(11112,24,'Chozas de Abajo'),(11113,26,'Galbárruli'),(11114,27,'Vilalba'),(11115,28,'Getafe'),(11116,29,'Júzcar'),(11117,31,'Caparroso'),(11118,32,'Punxín'),(11119,33,'Sariego'),(11120,37,'Cabeza del Caballo'),(11121,39,'Rozas de Valdearroyo, Las'),(11122,40,'Chañe'),(11123,41,'Morón de la Frontera'),(11124,42,'Cirujales del Río'),(11125,43,'Garcia'),(11126,44,'Castejón de Tornos'),(11127,45,'Estrella, La'),(11128,46,'Beniparrell'),(11129,47,'Fresno el Viejo'),(11130,48,'Ugao-Miraballes'),(11131,49,'Fermoselle'),(11132,50,'Cabolafuente'),(11133,2,'Recueja, La'),(11134,3,'Elda'),(11135,4,'Níjar'),(11136,5,'Cuevas del Valle'),(11137,6,'Higuera de Vargas'),(11138,8,'Castellví de Rosanes'),(11139,9,'Campolara'),(11140,10,'Conquista de la Sierra'),(11141,13,'Pozuelo de Calatrava'),(11142,14,'Villa del Río'),(11143,15,'Pino, O'),(11144,16,'Casasimarro'),(11145,17,'Figueres'),(11146,18,'Deifontes'),(11147,19,'Cañizar'),(11148,20,'Errezil'),(11149,21,'San Silvestre de Guzmán'),(11150,22,'Boltaña'),(11151,23,'Peal de Becerro'),(11152,24,'Destriana'),(11153,26,'Galilea'),(11154,27,'Viveiro'),(11155,28,'Griñón'),(11156,29,'Macharaviaya'),(11157,31,'Cárcar'),(11158,32,'Quintela de Leirado'),(11159,33,'Siero'),(11160,34,'Cubillas de Cerrato'),(11161,39,'Ruente'),(11162,41,'Navas de la Concepción, Las'),(11163,43,'Garidells, Els'),(11164,44,'Castel de Cabra'),(11165,45,'Fuensalida'),(11166,46,'Benirredrà'),(11167,47,'Fuensaldaña'),(11168,48,'Morga'),(11169,49,'Ferreras de Abajo'),(11170,50,'Cadrete'),(11171,2,'Riópar'),(11172,3,'Facheca'),(11173,4,'Ohanes'),(11174,5,'Chamartín'),(11175,6,'Higuera la Real'),(11176,8,'Centelles'),(11177,9,'Canicosa de la Sierra'),(11178,10,'Coria'),(11179,12,'Geldo'),(11180,13,'Pozuelos de Calatrava, Los'),(11181,14,'Villafranca de Córdoba'),(11182,15,'Pobra do Caramiñal, A'),(11183,16,'Castejón'),(11184,17,'Flaçà'),(11185,18,'Diezma'),(11186,19,'Cardoso de la Sierra, El'),(11187,20,'Errenteria'),(11188,21,'Santa Ana la Real'),(11189,22,'Bonansa'),(11190,23,'Pegalajar'),(11191,24,'Encinedo'),(11192,25,'Castelldans'),(11193,26,'Gallinero de Cameros'),(11194,28,'Guadalix de la Sierra'),(11195,29,'Málaga'),(11196,31,'Carcastillo'),(11197,32,'Rairiz de Veiga'),(11198,33,'Sobrescobio'),(11199,34,'Dehesa de Montejo'),(11200,37,'Cabrerizos'),(11201,39,'Ruesga'),(11202,41,'Olivares'),(11203,43,'Ginestar'),(11204,44,'Castelnou'),(11205,45,'Gálvez'),(11206,46,'Benisanó'),(11207,47,'Fuente el Sol'),(11208,48,'Muxika'),(11209,49,'Ferreras de Arriba'),(11210,50,'Calatayud'),(11211,2,'Robledo'),(11212,3,'Famorca'),(11213,4,'Olula de Castro'),(11214,6,'Hinojosa del Valle'),(11215,8,'Cervelló'),(11216,9,'Cantabrana'),(11217,10,'Cuacos de Yuste'),(11218,12,'Herbés'),(11219,13,'Puebla de Don Rodrigo'),(11220,14,'Villaharta'),(11221,15,'Ponteceso'),(11222,16,'Castillejo de Iniesta'),(11223,17,'Foixà'),(11224,18,'Dílar'),(11225,20,'Leintz-Gatzaga'),(11226,21,'Santa Bárbara de Casa'),(11227,22,'Borau'),(11228,24,'Ercina, La'),(11229,25,'Castellnou de Seana'),(11230,26,'Gimileo'),(11231,28,'Guadarrama'),(11232,29,'Manilva'),(11233,31,'Cascante'),(11234,32,'Ramirás'),(11235,33,'Somiedo'),(11236,34,'Dehesa de Romanos'),(11237,37,'Cabrillas'),(11238,39,'Ruiloba'),(11239,40,'Domingo García'),(11240,41,'Osuna'),(11241,42,'Coscurita'),(11242,43,'Godall'),(11243,44,'Castelserás'),(11244,45,'Garciotum'),(11245,46,'Benissoda'),(11246,47,'Fuente-Olmedo'),(11247,48,'Mundaka'),(11248,49,'Ferreruela'),(11249,50,'Calatorao'),(11250,2,'Roda, La'),(11251,3,'Finestrat'),(11252,4,'Olula del Río'),(11253,5,'Donjimeno'),(11254,6,'Hornachos'),(11255,8,'Collbató'),(11256,10,'Cumbre, La'),(11257,12,'Higueras'),(11258,13,'Puebla del Príncipe'),(11259,14,'Villanueva de Córdoba'),(11260,15,'Pontedeume'),(11261,17,'Fontanals de Cerdanya'),(11262,18,'Dólar'),(11263,20,'Donostia-San Sebastián'),(11264,21,'Santa Olalla del Cala'),(11265,22,'Broto'),(11266,23,'Porcuna'),(11267,24,'Escobar de Campos'),(11268,25,'Castelló de Farfanya'),(11269,26,'Grañón'),(11270,28,'Hiruela, La'),(11271,29,'Marbella'),(11272,31,'Cáseda'),(11273,32,'Ribadavia'),(11274,33,'Soto del Barco'),(11275,34,'Dueñas'),(11276,37,'Calvarrasa de Abajo'),(11277,39,'San Felices de Buelna'),(11278,40,'Donhierro'),(11279,41,'Palacios y Villafranca, Los'),(11280,42,'Covaleda'),(11281,43,'Gratallops'),(11282,45,'Gerindote'),(11283,46,'Benisuera'),(11284,47,'Gallegos de Hornija'),(11285,48,'Mungia'),(11286,49,'Figueruela de Arriba'),(11287,50,'Calcena'),(11288,2,'Salobre'),(11289,3,'Formentera del Segura'),(11290,4,'Oria'),(11291,5,'Donvidas'),(11292,6,'Jerez de los Caballeros'),(11293,8,'Collsuspina'),(11294,9,'Carazo'),(11295,10,'Deleitosa'),(11296,12,'Jana, la'),(11297,13,'Puerto Lápice'),(11298,14,'Villanueva del Duque'),(11299,15,'Pontes de García Rodríguez, As'),(11300,16,'Castillejo-Sierra'),(11301,17,'Fontanilles'),(11302,18,'Dúdar'),(11303,19,'Casa de Uceda'),(11304,20,'Segura'),(11305,21,'Trigueros'),(11306,23,'Pozo Alcón'),(11307,24,'Fabero'),(11308,25,'Castellserà'),(11309,26,'Grávalos'),(11310,28,'Horcajo de la Sierra-Aoslos'),(11311,29,'Mijas'),(11312,31,'Castejón'),(11313,32,'San Xoán de Río'),(11314,33,'Tapia de Casariego'),(11315,34,'Espinosa de Cerrato'),(11316,37,'Calvarrasa de Arriba'),(11317,39,'San Miguel de Aguayo'),(11318,40,'Duruelo'),(11319,41,'Palomares del Río'),(11320,42,'Cubilla'),(11321,43,'Guiamets, Els'),(11322,44,'Castellar, El'),(11323,45,'Guadamur'),(11324,46,'Bétera'),(11325,47,'Gatón de Campos'),(11326,48,'Aulesti'),(11327,50,'Calmarza'),(11328,2,'San Pedro'),(11329,3,'Gata de Gorgos'),(11330,4,'Padules'),(11331,6,'Lapa, La'),(11332,8,'Copons'),(11333,9,'Carcedo de Bureba'),(11334,10,'Descargamaría'),(11335,12,'Jérica'),(11336,13,'Puertollano'),(11337,14,'Villanueva del Rey'),(11338,15,'Porto do Son'),(11339,16,'Castillo-Albaráñez'),(11340,17,'Fontcoberta'),(11341,18,'Dúrcal'),(11342,19,'Casar, El'),(11343,20,'Tolosa'),(11344,21,'Valdelarco'),(11345,23,'Puente de Génave'),(11346,24,'Folgoso de la Ribera'),(11347,25,'Cava'),(11348,26,'Haro'),(11349,28,'Horcajuelo de la Sierra'),(11350,29,'Moclinejo'),(11351,31,'Castillonuevo'),(11352,32,'Riós'),(11353,33,'Taramundi'),(11354,34,'Espinosa de Villagonzalo'),(11355,37,'Calzada de Béjar, La'),(11356,39,'San Pedro del Romeral'),(11357,40,'Encinas'),(11358,41,'Paradas'),(11359,42,'Cubo de la Solana'),(11360,43,'Horta de Sant Joan'),(11361,44,'Castellote'),(11362,45,'Guardia, La'),(11363,46,'Bicorp'),(11364,47,'Geria'),(11365,48,'Muskiz'),(11366,49,'Fonfría'),(11367,50,'Campillo de Aragón'),(11368,2,'Socovos'),(11369,3,'Gaianes'),(11370,4,'Partaloa'),(11371,5,'Espinosa de los Caballeros'),(11372,6,'Lobón'),(11373,8,'Corbera de Llobregat'),(11374,9,'Carcedo de Burgos'),(11375,10,'Eljas'),(11376,12,'Lucena del Cid'),(11377,13,'Retuerta del Bullaque'),(11378,14,'Villaralto'),(11379,15,'Rianxo'),(11380,16,'Castillo de Garcimuñoz'),(11381,18,'Escúzar'),(11382,20,'Urnieta'),(11383,21,'Valverde del Camino'),(11384,22,'Caldearenas'),(11385,23,'Puerta de Segura, La'),(11386,25,'Cervera'),(11387,26,'Herce'),(11388,28,'Hoyo de Manzanares'),(11389,29,'Mollina'),(11390,31,'Cintruénigo'),(11391,32,'Rúa, A'),(11392,33,'Teverga'),(11393,34,'Frechilla'),(11394,37,'Calzada de Don Diego'),(11395,39,'San Roque de Riomiera'),(11396,40,'Encinillas'),(11397,41,'Pedrera'),(11398,43,'Lloar, El'),(11399,45,'Herencias, Las'),(11400,46,'Bocairent'),(11401,48,'Otxandio'),(11402,50,'Carenas'),(11403,2,'Tarazona de la Mancha'),(11404,3,'Gorga'),(11405,4,'Paterna del Río'),(11406,5,'Flores de Ávila'),(11407,6,'Llera'),(11408,8,'Cornellà de Llobregat'),(11409,9,'Cardeñadijo'),(11410,10,'Escurial'),(11411,12,'Ludiente'),(11412,13,'Saceruela'),(11413,14,'Villaviciosa de Córdoba'),(11414,15,'Ribeira'),(11415,16,'Cervera del Llano'),(11416,17,'Fornells de la Selva'),(11417,19,'Casas de San Galindo'),(11418,20,'Usurbil'),(11419,21,'Villablanca'),(11420,23,'Quesada'),(11421,24,'Fresno de la Vega'),(11422,25,'Cervià de les Garrigues'),(11423,26,'Herramélluri'),(11424,28,'Humanes de Madrid'),(11425,29,'Monda'),(11426,31,'Ziordia'),(11427,32,'Rubiá'),(11428,33,'Tineo'),(11429,34,'Fresno del Río'),(11430,37,'Calzada de Valdunciel'),(11431,39,'Santa Cruz de Bezana'),(11432,40,'Escalona del Prado'),(11433,41,'Pedroso, El'),(11434,42,'Cueva de Ágreda'),(11435,43,'Llorac'),(11436,45,'Herreruela de Oropesa'),(11437,46,'Bolbaite'),(11438,47,'Herrín de Campos'),(11439,48,'Ondarroa'),(11440,50,'Cariñena'),(11441,2,'Tobarra'),(11442,3,'Granja de Rocamora'),(11443,4,'Pechina'),(11444,5,'Fontiveros'),(11445,6,'Llerena'),(11446,8,'Cubelles'),(11447,9,'Cardeñajimeno'),(11448,12,'Llosa, la'),(11449,13,'San Carlos del Valle'),(11450,14,'Viso, El'),(11451,15,'Rois'),(11452,16,'Cierva, La'),(11453,17,'Fortià'),(11454,18,'Ferreira'),(11455,19,'Caspueñas'),(11456,20,'Bergara'),(11457,21,'Villalba del Alcor'),(11458,22,'Campo'),(11459,23,'Rus'),(11460,24,'Fuentes de Carbajal'),(11461,25,'Ciutadilla'),(11462,26,'Hervías'),(11463,28,'Leganés'),(11464,29,'Montejaque'),(11465,31,'Cirauqui/Zirauki'),(11466,32,'San Amaro'),(11467,33,'Vegadeo'),(11468,34,'Frómista'),(11469,37,'Campillo de Azaba'),(11470,39,'Santa María de Cayón'),(11471,40,'Escarabajosa de Cabezas'),(11472,41,'Peñaflor'),(11473,43,'Llorenç del Penedès'),(11474,44,'Cedrillas'),(11475,45,'Hinojosa de San Vicente'),(11476,46,'Bonrepòs i Mirambell'),(11477,47,'Hornillos de Eresma'),(11478,48,'Urduña/Orduña'),(11479,50,'Caspe'),(11480,2,'Valdeganga'),(11481,3,'Castell de Guadalest, el'),(11482,4,'Pulpí'),(11483,5,'Fresnedilla'),(11484,6,'Magacela'),(11485,8,'Dosrius'),(11486,9,'Cardeñuela Riopico'),(11487,10,'Fresnedoso de Ibor'),(11488,12,'Mata de Morella, la'),(11489,13,'San Lorenzo de Calatrava'),(11490,14,'Zuheros'),(11491,15,'Sada'),(11492,17,'Garrigàs'),(11493,19,'Castejón de Henares'),(11494,20,'Villabona'),(11495,21,'Villanueva de las Cruces'),(11496,22,'Camporrélls'),(11497,23,'Sabiote'),(11498,25,'Clariana de Cardener'),(11499,26,'Hormilla'),(11500,28,'Loeches'),(11501,29,'Nerja'),(11502,31,'Ciriza/Ziritza'),(11503,32,'San Cibrao das Viñas'),(11504,33,'Villanueva de Oscos'),(11505,39,'Santander'),(11506,40,'Escobar de Polendos'),(11507,41,'Pilas'),(11508,42,'Dévanos'),(11509,43,'Margalef'),(11510,44,'Celadas'),(11511,45,'Hontanar'),(11512,46,'Bufali'),(11513,47,'Íscar'),(11514,48,'Orozko'),(11515,49,'Fresno de la Polvorosa'),(11516,50,'Castejón de Alarba'),(11517,2,'Vianos'),(11518,3,'Guardamar del Segura'),(11519,4,'Purchena'),(11520,5,'Fresno, El'),(11521,6,'Maguilla'),(11522,8,'Esparreguera'),(11523,9,'Carrias'),(11524,10,'Galisteo'),(11525,12,'Matet'),(11526,13,'Santa Cruz de los Cáñamos'),(11527,15,'San Sadurniño'),(11528,17,'Garrigoles'),(11529,18,'Fonelas'),(11530,19,'Castellar de la Muela'),(11531,20,'Ordizia'),(11532,21,'Villanueva de los Castillejos'),(11533,22,'Canal de Berdún'),(11534,23,'Santa Elena'),(11535,24,'Garrafe de Torío'),(11536,25,'Cogul, El'),(11537,26,'Hormilleja'),(11538,28,'Lozoya'),(11539,29,'Ojén'),(11540,31,'Cizur'),(11541,32,'San Cristovo de Cea'),(11542,33,'Villaviciosa'),(11543,34,'Fuentes de Nava'),(11544,39,'Santillana del Mar'),(11545,40,'Espinar, El'),(11546,41,'Pruna'),(11547,42,'Deza'),(11548,43,'Marçà'),(11549,44,'Cella'),(11550,45,'Hormigos'),(11551,46,'Bugarra'),(11552,47,'Laguna de Duero'),(11553,48,'Sukarrieta'),(11554,49,'Fresno de la Ribera'),(11555,50,'Castejón de las Armas'),(11556,2,'Villa de Ves'),(11557,3,'Fondó de les Neus, el/Hondón de las Nieves'),(11558,4,'Rágol'),(11559,5,'Fuente el Saúz'),(11560,6,'Malcocinado'),(11561,8,'Esplugues de Llobregat'),(11562,9,'Cascajares de Bureba'),(11563,10,'Garciaz'),(11564,12,'Moncofa'),(11565,13,'Santa Cruz de Mudela'),(11566,15,'Santa Comba'),(11567,17,'Garriguella'),(11568,20,'Urretxu'),(11569,21,'Villarrasa'),(11570,22,'Candasnos'),(11571,23,'Santiago de Calatrava'),(11572,24,'Gordaliza del Pino'),(11573,25,'Coll de Nargó'),(11574,26,'Hornillos de Cameros'),(11575,29,'Parauta'),(11576,31,'Corella'),(11577,32,'Sandiás'),(11578,33,'Villayón'),(11579,34,'Fuentes de Valdepero'),(11580,37,'Campo de Peñaranda, El'),(11581,39,'Santiurde de Reinosa'),(11582,40,'Espirdo'),(11583,41,'Puebla de Cazalla, La'),(11584,43,'Mas de Barberans'),(11585,44,'Cerollera, La'),(11586,45,'Huecas'),(11587,46,'Buñol'),(11588,47,'Langayo'),(11589,48,'Plentzia'),(11590,49,'Fresno de Sayago'),(11591,50,'Castejón de Valdejasa'),(11592,2,'Villalgordo del Júcar'),(11593,3,'Hondón de los Frailes'),(11594,4,'Rioja'),(11595,5,'Fuentes de Año'),(11596,6,'Malpartida de la Serena'),(11597,8,'Espunyola, L\''),(11598,9,'Cascajares de la Sierra'),(11599,10,'Garganta, La'),(11600,12,'Montán'),(11601,13,'Socuéllamos'),(11602,15,'Santiago de Compostela'),(11603,16,'Cuenca'),(11604,17,'Ger'),(11605,18,'Freila'),(11606,19,'Castilforte'),(11607,20,'Zaldibia'),(11608,21,'Zalamea la Real'),(11609,22,'Canfranc'),(11610,24,'Gordoncillo'),(11611,25,'Corbins'),(11612,26,'Hornos de Moncalvillo'),(11613,28,'Madarcos'),(11614,31,'Cortes'),(11615,32,'Sarreaus'),(11616,33,'Yernes y Tameza'),(11617,37,'Candelario'),(11618,39,'Santiurde de Toranzo'),(11619,40,'Fresneda de Cuéllar'),(11620,41,'Puebla de los Infantes, La'),(11621,42,'Duruelo de la Sierra'),(11622,43,'Masdenverge'),(11623,45,'Huerta de Valdecarábanos'),(11624,46,'Burjassot'),(11625,47,'Lomoviejo'),(11626,48,'Portugalete'),(11627,49,'Friera de Valverde'),(11628,50,'Castiliscar'),(11629,2,'Villamalea'),(11630,3,'Ibi'),(11631,4,'Roquetas de Mar'),(11632,5,'Gallegos de Altamiros'),(11633,6,'Manchita'),(11634,8,'Estany, L\''),(11635,9,'Castellanos de Castro'),(11636,10,'Garganta la Olla'),(11637,12,'Montanejos'),(11638,13,'Solana, La'),(11639,15,'Santiso'),(11640,16,'Cueva del Hierro'),(11641,17,'Girona'),(11642,18,'Fuente Vaqueros'),(11643,19,'Castilnuevo'),(11644,20,'Zarautz'),(11645,21,'Zufre'),(11646,22,'Capdesaso'),(11647,23,'Santisteban del Puerto'),(11648,24,'Gradefes'),(11649,25,'Cubells'),(11650,26,'Huércanos'),(11651,28,'Madrid'),(11652,29,'Periana'),(11653,31,'Desojo'),(11654,32,'Taboadela'),(11655,34,'Grijota'),(11656,37,'Canillas de Abajo'),(11657,39,'Santoña'),(11658,40,'Fresno de Cantespino'),(11659,41,'Puebla del Río, La'),(11660,42,'Escobosa de Almazán'),(11661,43,'Masllorenç'),(11662,45,'Iglesuela, La'),(11663,46,'Calles'),(11664,47,'Llano de Olmedo'),(11665,48,'Errigoiti'),(11666,49,'Fuente Encalada'),(11667,50,'Cervera de la Cañada'),(11668,2,'Villapalacios'),(11669,3,'Jacarilla'),(11670,4,'Santa Cruz de Marchena'),(11671,5,'Gallegos de Sobrinos'),(11672,6,'Medellín'),(11673,8,'Fígols'),(11674,10,'Gargantilla'),(11675,12,'Morella'),(11676,13,'Solana del Pino'),(11677,15,'Sobrado'),(11678,17,'Gombrèn'),(11679,19,'Cendejas de Enmedio'),(11680,20,'Zumarraga'),(11681,22,'Capella'),(11682,23,'Santo Tomé'),(11683,24,'Grajal de Campos'),(11684,26,'Igea'),(11685,28,'Majadahonda'),(11686,29,'Pizarra'),(11687,31,'Dicastillo'),(11688,32,'Teixeira, A'),(11689,34,'Guardo'),(11690,37,'Cantagallo'),(11691,39,'San Vicente de la Barquera'),(11692,40,'Fresno de la Fuente'),(11693,41,'Real de la Jara, El'),(11694,42,'Espeja de San Marcelino'),(11695,43,'Masó, La'),(11696,44,'Codoñera, La'),(11697,45,'Illán de Vacas'),(11698,46,'Camporrobles'),(11699,47,'Manzanillo'),(11700,48,'Valle de Trápaga-Trapagaran'),(11701,49,'Fuentelapeña'),(11702,50,'Cerveruela'),(11703,2,'Villarrobledo'),(11704,3,'Xaló'),(11705,4,'Santa Fe de Mondújar'),(11706,5,'Garganta del Villar'),(11707,6,'Medina de las Torres'),(11708,8,'Fogars de Montclús'),(11709,10,'Gargüera'),(11710,12,'Navajas'),(11711,13,'Terrinches'),(11712,15,'Somozas, As'),(11713,16,'Chumillas'),(11714,17,'Gualta'),(11715,19,'Cendejas de la Torre'),(11716,20,'Zumaia'),(11717,22,'Casbas de Huesca'),(11718,23,'Segura de la Sierra'),(11719,24,'Gusendos de los Oteros'),(11720,25,'Espluga Calba, L\''),(11721,26,'Jalón de Cameros'),(11722,29,'Pujerra'),(11723,31,'Donamaria'),(11724,32,'Toén'),(11725,34,'Guaza de Campos'),(11726,37,'Cantalapiedra'),(11727,39,'Saro'),(11728,40,'Frumales'),(11729,41,'Rinconada, La'),(11730,42,'Espejón'),(11731,43,'Maspujols'),(11732,45,'Illescas'),(11733,46,'Canals'),(11734,47,'Marzales'),(11735,48,'Lezama'),(11736,49,'Fuentesaúco'),(11737,50,'Cetina'),(11738,2,'Villatoya'),(11739,3,'Jávea/Xàbia'),(11740,4,'Senés'),(11741,5,'Gavilanes'),(11742,6,'Mengabril'),(11743,8,'Fogars de la Selva'),(11744,9,'Castildelgado'),(11745,10,'Garrovillas de Alconétar'),(11746,12,'Nules'),(11747,13,'Tomelloso'),(11748,15,'Teo'),(11749,16,'Enguídanos'),(11750,17,'Guils de Cerdanya'),(11751,18,'Galera'),(11752,19,'Centenera'),(11753,22,'Castejón del Puente'),(11754,23,'Siles'),(11755,24,'Hospital de Órbigo'),(11756,25,'Espot'),(11757,26,'Laguna de Cameros'),(11758,28,'Manzanares el Real'),(11759,29,'Rincón de la Victoria'),(11760,31,'Etxalar'),(11761,32,'Trasmiras'),(11762,34,'Hérmedes de Cerrato'),(11763,37,'Cantalpino'),(11764,39,'Selaya'),(11765,40,'Fuente de Santa Cruz'),(11766,41,'Roda de Andalucía, La'),(11767,42,'Estepa de San Juan'),(11768,43,'Masroig, El'),(11769,44,'Corbalán'),(11770,45,'Lagartera'),(11771,46,'Canet d\'En Berenguer'),(11772,47,'Matapozuelos'),(11773,48,'Santurtzi'),(11774,49,'Fuentes de Ropel'),(11775,50,'Cimballa'),(11776,2,'Villavaliente'),(11777,3,'Jijona/Xixona'),(11778,4,'Serón'),(11779,5,'Gemuño'),(11780,6,'Mérida'),(11781,8,'Folgueroles'),(11782,9,'Castil de Peones'),(11783,10,'Garvín'),(11784,12,'Olocau del Rey'),(11785,13,'Torralba de Calatrava'),(11786,15,'Toques'),(11787,16,'Fresneda de Altarejos'),(11788,17,'Hostalric'),(11789,18,'Gobernador'),(11790,22,'Castejón de Monegros'),(11791,24,'Igüeña'),(11792,26,'Lagunilla del Jubera'),(11793,28,'Meco'),(11794,29,'Riogordo'),(11795,31,'Echarri'),(11796,32,'Veiga, A'),(11797,34,'Herrera de Pisuerga'),(11798,37,'Cantaracillo'),(11799,39,'Soba'),(11800,40,'Fuente el Olmo de Fuentidueña'),(11801,41,'Ronquillo, El'),(11802,42,'Frechilla de Almazán'),(11803,43,'Milà, El'),(11804,45,'Layos'),(11805,46,'Carcaixent'),(11806,47,'Matilla de los Caños'),(11807,48,'Ortuella'),(11808,49,'Fuentesecas'),(11809,50,'Cinco Olivas'),(11810,2,'Villaverde de Guadalimar'),(11811,3,'Lorcha/Orxa, l\''),(11812,4,'Sierro'),(11813,5,'Gilbuena'),(11814,6,'Mirandilla'),(11815,8,'Fonollosa'),(11816,9,'Castrillo de la Reina'),(11817,10,'Gata'),(11818,12,'Onda'),(11819,13,'Torre de Juan Abad'),(11820,15,'Tordoia'),(11821,16,'Fresneda de la Sierra'),(11822,17,'Isòvol'),(11823,18,'Gójar'),(11824,22,'Castejón de Sos'),(11825,23,'Sorihuela del Guadalimar'),(11826,24,'Izagre'),(11827,26,'Lardero'),(11828,28,'Mejorada del Campo'),(11829,29,'Ronda'),(11830,31,'Etxarri-Aranatz'),(11831,32,'Verea'),(11832,34,'Herrera de Valdecañas'),(11833,39,'Solórzano'),(11834,40,'Fuente el Olmo de Íscar'),(11835,41,'Rubio, El'),(11836,42,'Fresno de Caracena'),(11837,43,'Miravet'),(11838,44,'Cortes de Aragón'),(11839,45,'Lillo'),(11840,46,'Càrcer'),(11841,47,'Mayorga'),(11842,48,'Sestao'),(11843,49,'Fuentespreadas'),(11844,50,'Clarés de Ribota'),(11845,2,'Viveros'),(11846,3,'Llíber'),(11847,4,'Somontín'),(11848,5,'Gil García'),(11849,6,'Monesterio'),(11850,8,'Font-rubí'),(11851,9,'Castrillo de la Vega'),(11852,10,'Gordo, El'),(11853,12,'Oropesa del Mar/Orpesa'),(11854,13,'Torrenueva'),(11855,15,'Touro'),(11856,16,'Frontera, La'),(11857,17,'Jafre'),(11858,18,'Gor'),(11859,22,'Castelflorite'),(11860,23,'Torreblascopedro'),(11861,25,'Estaràs'),(11862,28,'Miraflores de la Sierra'),(11863,29,'Salares'),(11864,31,'Etxauri'),(11865,32,'Verín'),(11866,37,'Carbajosa de la Sagrada'),(11867,39,'Suances'),(11868,41,'Salteras'),(11869,42,'Fuentearmegil'),(11870,43,'Molar, El'),(11871,44,'Cosa'),(11872,45,'Lominchar'),(11873,46,'Carlet'),(11874,47,'Medina del Campo'),(11875,48,'Sopelana'),(11876,49,'Galende'),(11877,50,'Codo'),(11878,2,'Yeste'),(11879,3,'Millena'),(11880,4,'Sorbas'),(11881,5,'Gimialcón'),(11882,6,'Montemolín'),(11883,8,'Franqueses del Vallès, Les'),(11884,9,'Castrillo del Val'),(11885,10,'Granja, La'),(11886,13,'Valdemanco del Esteras'),(11887,15,'Trazo'),(11888,16,'Fuente de Pedro Naharro'),(11889,17,'Jonquera, La'),(11890,18,'Gorafe'),(11891,19,'Cifuentes'),(11892,22,'Castiello de Jaca'),(11893,23,'Torre del Campo'),(11894,24,'Joarilla de las Matas'),(11895,25,'Esterri d\'Àneu'),(11896,26,'Ledesma de la Cogolla'),(11897,28,'Molar, El'),(11898,29,'Sayalonga'),(11899,31,'Egüés'),(11900,32,'Viana do Bolo'),(11901,34,'Hontoria de Cerrato'),(11902,37,'Carpio de Azaba'),(11903,39,'Tojos, Los'),(11904,40,'Fuentepelayo'),(11905,41,'San Juan de Aznalfarache'),(11906,42,'Fuentecambrón'),(11907,43,'Montblanc'),(11908,44,'Cretas'),(11909,45,'Lucillos'),(11910,46,'Carrícola'),(11911,47,'Medina de Rioseco'),(11912,48,'Sopuerta'),(11913,49,'Gallegos del Pan'),(11914,50,'Codos'),(11915,4,'Suflí'),(11916,5,'Gotarrendura'),(11917,6,'Monterrubio de la Serena'),(11918,8,'Gallifa'),(11919,10,'Guadalupe'),(11920,12,'Palanques'),(11921,13,'Valdepeñas'),(11922,15,'Valdoviño'),(11923,16,'Fuentelespino de Haro'),(11924,17,'Juià'),(11925,18,'Granada'),(11926,19,'Cincovillas'),(11927,22,'Castigaleu'),(11928,23,'Torredonjimeno'),(11929,24,'Laguna Dalga'),(11930,25,'Esterri de Cardós'),(11931,26,'Leiva'),(11932,28,'Molinos, Los'),(11933,29,'Sedella'),(11934,31,'Elgorriaga'),(11935,32,'Vilamarín'),(11936,34,'Hornillos de Cerrato'),(11937,37,'Carrascal de Barregas'),(11938,39,'Torrelavega'),(11939,40,'Fuentepiñel'),(11940,41,'Sanlúcar la Mayor'),(11941,42,'Fuentecantos'),(11942,44,'Crivillén'),(11943,45,'Madridejos'),(11944,46,'Casas Altas'),(11945,47,'Megeces'),(11946,48,'Trucios-Turtzioz'),(11947,49,'Gallegos del Río'),(11948,50,'Contamina'),(11949,3,'Monforte del Cid'),(11950,4,'Tabernas'),(11951,5,'Grandes y San Martín'),(11952,6,'Montijo'),(11953,8,'Garriga, La'),(11954,9,'Castrillo de Riopisuerga'),(11955,10,'Guijo de Coria'),(11956,12,'Pavías'),(11957,13,'Valenzuela de Calatrava'),(11958,15,'Val do Dubra'),(11959,16,'Fuentelespino de Moya'),(11960,17,'Lladó'),(11961,18,'Guadahortuna'),(11962,19,'Ciruelas'),(11963,22,'Castillazuelo'),(11964,23,'Torreperogil'),(11965,24,'Laguna de Negrillos'),(11966,25,'Estamariu'),(11967,26,'Leza de Río Leza'),(11968,28,'Montejo de la Sierra'),(11969,29,'Sierra de Yeguas'),(11970,31,'Noáin (Valle de Elorz)/Noain (Elortzibar)'),(11971,32,'Vilamartín de Valdeorras'),(11972,34,'Husillos'),(11973,37,'Carrascal del Obispo'),(11974,39,'Tresviso'),(11975,40,'Fuenterrebollo'),(11976,41,'San Nicolás del Puerto'),(11977,42,'Fuentelmonge'),(11978,43,'Montbrió del Camp'),(11979,44,'Cuba, La'),(11980,45,'Magán'),(11981,46,'Casas Bajas'),(11982,47,'Melgar de Abajo'),(11983,48,'Ubide'),(11984,49,'Gamones'),(11985,50,'Cosuenda'),(11986,3,'Monóvar/Monòver'),(11987,4,'Taberno'),(11988,5,'Guisando'),(11989,6,'Morera, La'),(11990,8,'Gavà'),(11991,10,'Guijo de Galisteo'),(11992,12,'Peníscola/Peñíscola'),(11993,13,'Villahermosa'),(11994,15,'Vedra'),(11995,16,'Fuentes'),(11996,17,'Llagostera'),(11997,18,'Guadix'),(11998,19,'Ciruelos del Pinar'),(11999,22,'Castillonroy'),(12000,24,'León'),(12001,25,'Farrera'),(12002,26,'Logroño'),(12003,28,'Moraleja de Enmedio'),(12004,29,'Teba'),(12005,31,'Enériz/Eneritz'),(12006,32,'Vilar de Barrio'),(12007,34,'Itero de la Vega'),(12008,37,'Casafranca'),(12009,39,'Tudanca'),(12010,40,'Fuentesaúco de Fuentidueña'),(12011,41,'Santiponce'),(12012,42,'Fuentelsaz de Soria'),(12013,43,'Montferri'),(12014,44,'Cubla'),(12015,45,'Malpica de Tajo'),(12016,46,'Casinos'),(12017,47,'Melgar de Arriba'),(12018,48,'Urduliz'),(12019,50,'Cuarte de Huerva'),(12020,3,'Mutxamel'),(12021,4,'Tahal'),(12022,5,'Gutierre-Muñoz'),(12023,6,'Nava de Santiago, La'),(12024,8,'Gaià'),(12025,9,'Castrillo Matajudíos'),(12026,10,'Guijo de Granadilla'),(12027,12,'Pina de Montalgrao'),(12028,13,'Villamanrique'),(12029,15,'Vilasantar'),(12030,17,'Llambilles'),(12031,19,'Cobeta'),(12032,22,'Colungo'),(12033,23,'Torres'),(12034,24,'Lucillo'),(12035,28,'Moralzarzal'),(12036,29,'Tolox'),(12037,31,'Eratsun'),(12038,32,'Vilar de Santos'),(12039,37,'Casas del Conde, Las'),(12040,39,'Udías'),(12041,41,'Saucejo, El'),(12042,42,'Fuentepinilla'),(12043,43,'Montmell, El'),(12044,44,'Cucalón'),(12045,45,'Manzaneque'),(12046,46,'Castelló de Rugat'),(12047,47,'Mojados'),(12048,48,'Balmaseda'),(12049,49,'Gema'),(12050,50,'Cubel'),(12051,3,'Murla'),(12052,4,'Terque'),(12053,6,'Navalvillar de Pela'),(12054,8,'Gelida'),(12055,9,'Castrojeriz'),(12056,10,'Guijo de Santa Bárbara'),(12057,12,'Portell de Morella'),(12058,13,'Villamayor de Calatrava'),(12059,15,'Vilarmaior'),(12060,16,'Fuertescusa'),(12061,17,'Llanars'),(12062,19,'Cogollor'),(12063,23,'Torres de Albánchez'),(12064,24,'Luyego'),(12065,26,'Lumbreras'),(12066,28,'Morata de Tajuña'),(12067,29,'Torrox'),(12068,31,'Ergoiena'),(12069,32,'Vilardevós'),(12070,34,'Lagartos'),(12071,37,'Casillas de Flores'),(12072,39,'Valdáliga'),(12073,40,'Fuentesoto'),(12074,41,'Sevilla'),(12075,43,'Mont-ral'),(12076,45,'Maqueda'),(12077,46,'Castellonet de la Conquesta'),(12078,47,'Monasterio de Vega'),(12079,48,'Atxondo'),(12080,49,'Granja de Moreruela'),(12081,50,'Cuerlas, Las'),(12082,3,'Muro de Alcoy'),(12083,4,'Tíjola'),(12084,5,'Hernansancho'),(12085,6,'Nogales'),(12086,8,'Gironella'),(12087,10,'Herguijuela'),(12088,12,'Puebla de Arenoso'),(12089,13,'Villanueva de la Fuente'),(12090,15,'Vimianzo'),(12091,16,'Gabaldón'),(12092,17,'Llançà'),(12093,19,'Cogolludo'),(12094,23,'Úbeda'),(12095,24,'Llamas de la Ribera'),(12096,25,'Floresta, La'),(12097,26,'Manjarrés'),(12098,28,'Móstoles'),(12099,29,'Totalán'),(12100,31,'Erro'),(12101,32,'Vilariño de Conso'),(12102,34,'Lantadilla'),(12103,37,'Castellanos de Moriscos'),(12104,39,'Valdeolea'),(12105,40,'Fuentidueña'),(12106,41,'Tocina'),(12107,42,'Fuentes de Magaña'),(12108,43,'Mont-roig del Camp'),(12109,44,'Cuervo, El'),(12110,45,'Marjaliza'),(12111,46,'Castielfabib'),(12112,47,'Montealegre de Campos'),(12113,48,'Bedia'),(12114,49,'Granucillo'),(12115,50,'Chiprana'),(12116,3,'Novelda'),(12117,4,'Turre'),(12118,5,'Herradón de Pinares'),(12119,6,'Oliva de la Frontera'),(12120,8,'Gisclareny'),(12121,9,'Cayuela'),(12122,10,'Hernán-Pérez'),(12123,12,'Pobla de Benifassà, la'),(12124,13,'Villanueva de los Infantes'),(12125,15,'Zas'),(12126,16,'Garaballa'),(12127,17,'Llers'),(12128,18,'Gualchos'),(12129,23,'Valdepeñas de Jaén'),(12130,24,'Magaz de Cepeda'),(12131,25,'Fondarella'),(12132,26,'Mansilla de la Sierra'),(12133,28,'Navacerrada'),(12134,29,'Valle de Abdalajís'),(12135,31,'Ezcároz/Ezkaroze'),(12136,34,'Vid de Ojeda, La'),(12137,39,'Valdeprado del Río'),(12138,40,'Gallegos'),(12139,41,'Tomares'),(12140,42,'Fuentestrún'),(12141,43,'Móra d\'Ebre'),(12142,44,'Cuevas de Almudén'),(12143,45,'Marrupe'),(12144,46,'Catadau'),(12145,47,'Montemayor de Pililla'),(12146,48,'Areatza'),(12147,49,'Guarrate'),(12148,50,'Chodes'),(12149,3,'Nucia, la'),(12150,4,'Turrillas'),(12151,5,'Herreros de Suso'),(12152,6,'Oliva de Mérida'),(12153,8,'Granada, La'),(12154,9,'Cebrecos'),(12155,10,'Herrera de Alcántara'),(12156,12,'Pobla Tornesa, la'),(12157,13,'Villanueva de San Carlos'),(12158,16,'Gascueña'),(12159,17,'Llívia'),(12160,18,'Güejar Sierra'),(12161,22,'Chalamera'),(12162,23,'Vilches'),(12163,24,'Mansilla de las Mulas'),(12164,25,'Foradada'),(12165,26,'Manzanares de Rioja'),(12166,28,'Navalafuente'),(12167,29,'Vélez-Málaga'),(12168,31,'Eslava'),(12169,34,'Ledigos'),(12170,39,'Valderredible'),(12171,40,'Garcillán'),(12172,41,'Umbrete'),(12173,42,'Garray'),(12174,43,'Móra la Nova'),(12175,44,'Cuevas Labradas'),(12176,45,'Mascaraque'),(12177,46,'Catarroja'),(12178,47,'Moral de la Reina'),(12179,48,'Igorre'),(12180,49,'Hermisende'),(12181,50,'Daroca'),(12182,3,'Ondara'),(12183,4,'Uleila del Campo'),(12184,5,'Higuera de las Dueñas'),(12185,6,'Olivenza'),(12186,8,'Granera'),(12187,9,'Celada del Camino'),(12188,10,'Herreruela'),(12189,12,'Ribesalbes'),(12190,13,'Villar del Pozo'),(12191,16,'Graja de Campalbo'),(12192,17,'Lloret de Mar'),(12193,18,'Güevéjar'),(12194,19,'Condemios de Abajo'),(12195,22,'Chía'),(12196,23,'Villacarrillo'),(12197,24,'Mansilla Mayor'),(12198,26,'Matute'),(12199,28,'Navalagamella'),(12200,29,'Villanueva de Algaidas'),(12201,31,'Esparza de Salazar/Espartza Zaraitzu'),(12202,39,'Val de San Vicente'),(12203,40,'Gomezserracín'),(12204,41,'Utrera'),(12205,42,'Golmayo'),(12206,43,'Morell, El'),(12207,45,'Mata, La'),(12208,46,'Caudete de las Fuentes'),(12209,47,'Moraleja de las Panaderas'),(12210,48,'Zaldibar'),(12211,49,'Hiniesta, La'),(12212,50,'Ejea de los Caballeros'),(12213,3,'Onil'),(12214,4,'Urrácal'),(12215,5,'Hija de Dios, La'),(12216,6,'Orellana de la Sierra'),(12217,8,'Granollers'),(12218,10,'Hervás'),(12219,12,'Rossell'),(12220,13,'Villarrubia de los Ojos'),(12221,16,'Graja de Iniesta'),(12222,17,'Llosses, Les'),(12223,18,'Huélago'),(12224,19,'Condemios de Arriba'),(12225,22,'Chimillas'),(12226,23,'Villanueva de la Reina'),(12227,24,'Maraña'),(12228,25,'Fuliola, La'),(12229,26,'Medrano'),(12230,28,'Navalcarnero'),(12231,29,'Villanueva del Rosario'),(12232,31,'Espronceda'),(12233,34,'Lomas'),(12234,37,'Castillejo de Martín Viejo'),(12235,39,'Vega de Liébana'),(12236,41,'Valencina de la Concepción'),(12237,42,'Gómara'),(12238,43,'Morera de Montsant, La'),(12239,44,'Ejulve'),(12240,45,'Mazarambroz'),(12241,46,'Cerdà'),(12242,47,'Morales de Campos'),(12243,48,'Zalla'),(12244,49,'Jambrina'),(12245,50,'Embid de Ariza'),(12246,3,'Orba'),(12247,4,'Velefique'),(12248,5,'Horcajada, La'),(12249,6,'Orellana la Vieja'),(12250,8,'Gualba'),(12251,10,'Higuera'),(12252,12,'Sacañet'),(12253,13,'Villarta de San Juan'),(12254,16,'Henarejos'),(12255,17,'Madremanya'),(12256,18,'Huéneja'),(12257,19,'Congostrina'),(12258,23,'Villanueva del Arzobispo'),(12259,24,'Matadeón de los Oteros'),(12260,25,'Fulleda'),(12261,28,'Navarredonda y San Mamés'),(12262,29,'Villanueva del Trabuco'),(12263,31,'Estella-Lizarra'),(12264,37,'Castraz'),(12265,39,'Vega de Pas'),(12266,40,'Grajera'),(12267,41,'Villamanrique de la Condesa'),(12268,42,'Gormaz'),(12269,43,'Nou de Gaià, La'),(12270,44,'Escorihuela'),(12271,45,'Mejorada'),(12272,46,'Cofrentes'),(12273,47,'Mota del Marqués'),(12274,48,'Zaratamo'),(12275,49,'Justel'),(12276,3,'Orxeta'),(12277,4,'Vélez-Blanco'),(12278,6,'Palomas'),(12279,8,'Sant Salvador de Guardiola'),(12280,9,'Cerezo de Río Tirón'),(12281,10,'Hinojal'),(12282,12,'Salzadella, la'),(12283,13,'Viso del Marqués'),(12284,16,'Herrumblar, El'),(12285,17,'Maià de Montcal'),(12286,18,'Huéscar'),(12287,19,'Copernal'),(12288,23,'Villardompardo'),(12289,24,'Matallana de Torío'),(12290,25,'Gavet de la Conca'),(12291,26,'Munilla'),(12292,29,'Villanueva de Tapia'),(12293,31,'Esteribar'),(12294,34,'Magaz de Pisuerga'),(12295,37,'Cepeda'),(12296,39,'Villacarriedo'),(12297,41,'Villanueva del Ariscal'),(12298,42,'Herrera de Soria'),(12299,43,'Nulles'),(12300,45,'Menasalbas'),(12301,46,'Corbera'),(12302,47,'Mucientes'),(12303,49,'Losacino'),(12304,50,'Encinacorba'),(12305,3,'Orihuela'),(12306,4,'Vélez-Rubio'),(12307,5,'Horcajo de las Torres'),(12308,6,'Parra, La'),(12309,8,'Guardiola de Berguedà'),(12310,10,'Holguera'),(12311,12,'Sant Jordi/San Jorge'),(12312,16,'Hinojosa, La'),(12313,17,'Meranges'),(12314,18,'Huétor de Santillán'),(12315,19,'Corduente'),(12316,22,'Esplús'),(12317,23,'Villares, Los'),(12318,24,'Matanza'),(12319,25,'Golmés'),(12320,26,'Murillo de Río Leza'),(12321,28,'Navas del Rey'),(12322,29,'Viñuela'),(12323,31,'Etayo'),(12324,34,'Manquillos'),(12325,37,'Cereceda de la Sierra'),(12326,39,'Villaescusa'),(12327,40,'Honrubia de la Cuesta'),(12328,41,'Villanueva del Río y Minas'),(12329,43,'Palma d\'Ebre, La'),(12330,44,'Escucha'),(12331,45,'Méntrida'),(12332,46,'Cortes de Pallás'),(12333,47,'Mudarra, La'),(12334,49,'Losacio'),(12335,50,'Épila'),(12336,3,'Parcent'),(12337,4,'Vera'),(12338,5,'Hornillo, El'),(12339,6,'Peñalsordo'),(12340,8,'Gurb'),(12341,9,'Cerratón de Juarros'),(12342,10,'Hoyos'),(12343,12,'Sant Mateu'),(12344,16,'Hinojosos, Los'),(12345,17,'Masarac'),(12346,18,'Huétor Tájar'),(12347,24,'Molinaseca'),(12348,25,'Gósol'),(12349,26,'Muro de Aguas'),(12350,28,'Nuevo Baztán'),(12351,29,'Yunquera'),(12352,31,'Eulate'),(12353,34,'Mantinos'),(12354,37,'Cerezal de Peñahorcada'),(12355,39,'Villafufre'),(12356,40,'Hontalbilla'),(12357,41,'Villanueva de San Juan'),(12358,42,'Hinojosa del Campo'),(12359,43,'Pallaresos, Els'),(12360,44,'Estercuel'),(12361,45,'Mesegar de Tajo'),(12362,46,'Cotes'),(12363,47,'Muriel'),(12364,49,'Lubián'),(12365,50,'Erla'),(12366,3,'Pedreguer'),(12367,4,'Viator'),(12368,5,'Hoyocasero'),(12369,6,'Peraleda del Zaucejo'),(12370,8,'Hospitalet de Llobregat, L\''),(12371,9,'Ciadoncha'),(12372,10,'Huélaga'),(12373,12,'San Rafael del Río'),(12374,16,'Hito, El'),(12375,17,'Massanes'),(12376,18,'Huétor Vega'),(12377,23,'Villarrodrigo'),(12378,24,'Murias de Paredes'),(12379,25,'Granadella, La'),(12380,26,'Muro en Cameros'),(12381,28,'Olmeda de las Fuentes'),(12382,31,'Ezcabarte'),(12383,34,'Marcilla de Campos'),(12384,37,'Cerralbo'),(12385,39,'Valle de Villaverde'),(12386,40,'Hontanares de Eresma'),(12387,41,'Villaverde del Río'),(12388,43,'Passanant i Belltall'),(12389,44,'Ferreruela de Huerva'),(12390,45,'Miguel Esteban'),(12391,46,'Quart de les Valls'),(12392,47,'Nava del Rey'),(12393,49,'Luelmo'),(12394,50,'Escatrón'),(12395,3,'Pego'),(12396,4,'Vícar'),(12397,5,'Hoyo de Pinares, El'),(12398,6,'Puebla de Alcocer'),(12399,8,'Igualada'),(12400,9,'Cillaperlata'),(12401,10,'Ibahernando'),(12402,12,'Santa Magdalena de Pulpis'),(12403,16,'Honrubia'),(12404,17,'Maçanet de Cabrenys'),(12405,18,'Illora'),(12406,19,'Cubillo de Uceda, El'),(12407,22,'Estada'),(12408,24,'Noceda del Bierzo'),(12409,25,'Granja d\'Escarp, La'),(12410,26,'Nájera'),(12411,28,'Orusco de Tajuña'),(12412,31,'Ezkurra'),(12413,34,'Mazariegos'),(12414,37,'Cerro, El'),(12415,39,'Voto'),(12416,41,'Viso del Alcor, El'),(12417,43,'Paüls'),(12418,44,'Fonfría'),(12419,45,'Mocejón'),(12420,46,'Quart de Poblet'),(12421,47,'Nueva Villa de las Torres'),(12422,49,'Maderal, El'),(12423,50,'Fabara'),(12424,3,'Penàguila'),(12425,4,'Zurgena'),(12426,5,'Hoyorredondo'),(12427,6,'Puebla de la Calzada'),(12428,8,'Jorba'),(12429,9,'Cilleruelo de Abajo'),(12430,10,'Jaraicejo'),(12431,12,'Sarratella'),(12432,16,'Hontanaya'),(12433,17,'Maçanet de la Selva'),(12434,18,'Itrabo'),(12435,19,'Checa'),(12436,22,'Estadilla'),(12437,24,'Oencia'),(12438,25,'Granyanella'),(12439,26,'Nalda'),(12440,31,'Ezprogui'),(12441,34,'Mazuecos de Valdeginate'),(12442,37,'Cespedosa de Tormes'),(12443,40,'Huertos, Los'),(12444,42,'Langa de Duero'),(12445,43,'Perafort'),(12446,44,'Formiche Alto'),(12447,45,'Mohedas de la Jara'),(12448,46,'Quartell'),(12449,47,'Olivares de Duero'),(12450,49,'Madridanos'),(12451,3,'Petrer'),(12452,5,'Hoyos del Collado'),(12453,6,'Puebla de la Reina'),(12454,8,'Llacuna, La'),(12455,9,'Cilleruelo de Arriba'),(12456,10,'Jaraíz de la Vera'),(12457,12,'Segorbe'),(12458,16,'Hontecillas'),(12459,19,'Chequilla'),(12460,24,'Omañas, Las'),(12461,25,'Granyena de Segarra'),(12462,26,'Navajún'),(12463,28,'Paracuellos de Jarama'),(12464,31,'Falces'),(12465,34,'Melgar de Yuso'),(12466,37,'Cilleros de la Bastida'),(12467,40,'Ituero y Lama'),(12468,43,'Perelló, El'),(12469,45,'Montearagón'),(12470,46,'Quatretonda'),(12471,47,'Olmedo'),(12472,49,'Mahide'),(12473,50,'Farlete'),(12474,3,'Pinós, el/Pinoso'),(12475,5,'Hoyos del Espino'),(12476,6,'Puebla del Maestre'),(12477,8,'Llagosta, La'),(12478,9,'Ciruelos de Cervera'),(12479,10,'Jarandilla de la Vera'),(12480,12,'Sierra Engarcerán'),(12481,17,'Mieres'),(12482,18,'Iznalloz'),(12483,19,'Chiloeches'),(12484,22,'Estopiñán del Castillo'),(12485,24,'Onzonilla'),(12486,25,'Granyena de les Garrigues'),(12487,26,'Navarrete'),(12488,31,'Fitero'),(12489,40,'Juarros de Riomoros'),(12490,42,'Liceras'),(12491,43,'Piles, Les'),(12492,44,'Fórnoles'),(12493,45,'Montesclaros'),(12494,46,'Cullera'),(12495,47,'Olmos de Esgueva'),(12496,49,'Maire de Castroponce'),(12497,50,'Fayón'),(12498,3,'Planes'),(12499,5,'Hoyos de Miguel Muñoz'),(12500,6,'Puebla del Prior'),(12501,8,'Llinars del Vallès'),(12502,10,'Jarilla'),(12503,12,'Soneja'),(12504,16,'Horcajo de Santiago'),(12505,17,'Mollet de Peralada'),(12506,19,'Chillarón del Rey'),(12507,22,'Fago'),(12508,24,'Oseja de Sajambre'),(12509,26,'Nestares'),(12510,28,'Parla'),(12511,31,'Fontellas'),(12512,34,'Meneses de Campos'),(12513,37,'Cipérez'),(12514,40,'Juarros de Voltoya'),(12515,42,'Losilla, La'),(12516,43,'Pinell de Brai, El'),(12517,44,'Fortanete'),(12518,45,'Mora'),(12519,46,'Chelva'),(12520,47,'Olmos de Peñafiel'),(12521,50,'Fayos, Los'),(12522,3,'Polop'),(12523,5,'Hurtumpascual'),(12524,6,'Puebla de Obando'),(12525,8,'Lliçà d\'Amunt'),(12526,10,'Jerte'),(12527,12,'Sot de Ferrer'),(12528,16,'Huélamo'),(12529,17,'Molló'),(12530,18,'Jayena'),(12531,19,'Driebes'),(12532,22,'Fanlo'),(12533,24,'Pajares de los Oteros'),(12534,26,'Nieva de Cameros'),(12535,28,'Patones'),(12536,31,'Funes'),(12537,34,'Micieces de Ojeda'),(12538,37,'Ciudad Rodrigo'),(12539,40,'Labajos'),(12540,42,'Magaña'),(12541,43,'Pira'),(12542,44,'Foz-Calanda'),(12543,45,'Nambroca'),(12544,46,'Chella'),(12545,49,'Malva'),(12546,50,'Figueruelas'),(12547,5,'Junciana'),(12548,6,'Puebla de Sancho Pérez'),(12549,8,'Lliçà de Vall'),(12550,9,'Cogollos'),(12551,10,'Ladrillar'),(12552,12,'Sueras/Suera'),(12553,16,'Huelves'),(12554,18,'Jerez del Marquesado'),(12555,19,'Durón'),(12556,24,'Palacios de la Valduerna'),(12557,26,'Ocón'),(12558,28,'Pedrezuela'),(12559,31,'Fustiñana'),(12560,34,'Monzón de Campos'),(12561,37,'Coca de Alba'),(12562,40,'Laguna de Contreras'),(12563,42,'Maján'),(12564,43,'Pla de Santa Maria, El'),(12565,44,'Fresneda, La'),(12566,45,'Nava de Ricomalillo, La'),(12567,46,'Chera'),(12568,49,'Manganeses de la Lampreana'),(12569,50,'Fombuena'),(12570,3,'Rafal'),(12571,5,'Langa'),(12572,6,'Quintana de la Serena'),(12573,8,'Lluçà'),(12574,9,'Condado de Treviño'),(12575,10,'Logrosán'),(12576,12,'Tales'),(12577,16,'Huérguina'),(12578,17,'Montagut i Oix'),(12579,18,'Jete'),(12580,19,'Embid'),(12581,22,'Fiscal'),(12582,24,'Palacios del Sil'),(12583,25,'Guimerà'),(12584,26,'Ochánduri'),(12585,28,'Pelayos de la Presa'),(12586,31,'Galar'),(12587,34,'Moratinos'),(12588,37,'Colmenar de Montemayor'),(12589,40,'Languilla'),(12590,43,'Pobla de Mafumet, La'),(12591,44,'Frías de Albarracín'),(12592,45,'Navahermosa'),(12593,46,'Cheste'),(12594,47,'Palazuelo de Vedija'),(12595,49,'Manganeses de la Polvorosa'),(12596,50,'Frago, El'),(12597,3,'Ràfol d\'Almúnia, El'),(12598,5,'Lanzahíta'),(12599,6,'Reina'),(12600,8,'Malgrat de Mar'),(12601,9,'Contreras'),(12602,10,'Losar de la Vera'),(12603,12,'Teresa'),(12604,16,'Huerta de la Obispalía'),(12605,17,'Mont-ras'),(12606,19,'Escamilla'),(12607,22,'Fonz'),(12608,24,'Páramo del Sil'),(12609,25,'Guissona'),(12610,26,'Ojacastro'),(12611,28,'Perales de Tajuña'),(12612,31,'Gallipienzo/Galipentzu'),(12613,34,'Mudá'),(12614,37,'Cordovilla'),(12615,40,'Lastras de Cuéllar'),(12616,42,'Matalebreras'),(12617,43,'Pobla de Massaluca, La'),(12618,44,'Fuenferrada'),(12619,45,'Navalcán'),(12620,46,'Xirivella'),(12621,47,'Parrilla, La'),(12622,49,'Manzanal de Arriba'),(12623,50,'Frasno, El'),(12624,3,'Redován'),(12625,6,'Rena'),(12626,8,'Malla'),(12627,10,'Madrigal de la Vera'),(12628,12,'Tírig'),(12629,16,'Huerta del Marquesado'),(12630,17,'Navata'),(12631,18,'Jun'),(12632,19,'Escariche'),(12633,22,'Foradada del Toscar'),(12634,25,'Guixers'),(12635,26,'Ollauri'),(12636,28,'Pezuela de las Torres'),(12637,31,'Gallués/Galoze'),(12638,40,'Lastras del Pozo'),(12639,42,'Matamala de Almazán'),(12640,43,'Pobla de Montornès, La'),(12641,44,'Fuentes Calientes'),(12642,45,'Navalmoralejo'),(12643,46,'Chiva'),(12644,47,'Pedraja de Portillo, La'),(12645,49,'Manzanal del Barco'),(12646,50,'Fréscano'),(12647,3,'Relleu'),(12648,5,'Losar del Barco, El'),(12649,6,'Retamal de Llerena'),(12650,8,'Manlleu'),(12651,9,'Coruña del Conde'),(12652,10,'Madrigalejo'),(12653,12,'Todolella'),(12654,16,'Huete'),(12655,17,'Ogassa'),(12656,18,'Juviles'),(12657,19,'Escopete'),(12658,22,'Fraga'),(12659,24,'Peranzanes'),(12660,25,'Ivars de Noguera'),(12661,26,'Ortigosa de Cameros'),(12662,28,'Pinilla del Valle'),(12663,31,'Garaioa'),(12664,34,'Nogal de las Huertas'),(12665,37,'Cristóbal'),(12666,40,'Lastrilla, La'),(12667,43,'Poboleda'),(12668,44,'Fuentes Claras'),(12669,45,'Navalmorales, Los'),(12670,46,'Chulilla'),(12671,47,'Pedrajas de San Esteban'),(12672,49,'Manzanal de los Infantes'),(12673,3,'Rojales'),(12674,5,'Llanos de Tormes, Los'),(12675,6,'Ribera del Fresno'),(12676,8,'Manresa'),(12677,9,'Covarrubias'),(12678,10,'Madroñera'),(12679,12,'Toga'),(12680,16,'Iniesta'),(12681,19,'Espinosa de Henares'),(12682,22,'Fueva, La'),(12683,24,'Pobladura de Pelayo García'),(12684,25,'Ivars d\'Urgell'),(12685,26,'Pazuengos'),(12686,28,'Pinto'),(12687,31,'Garde'),(12688,34,'Olea de Boedo'),(12689,37,'Cubo de Don Sancho, El'),(12690,40,'Losa, La'),(12691,42,'Medinaceli'),(12692,43,'Pont d\'Armentera, El'),(12693,44,'Fuentes de Rubielos'),(12694,45,'Navalucillos, Los'),(12695,46,'Daimús'),(12696,47,'Pedrosa del Rey'),(12697,49,'Matilla de Arzón'),(12698,50,'Fuendejalón'),(12699,3,'Romana, la'),(12700,5,'Madrigal de las Altas Torres'),(12701,6,'Risco'),(12702,8,'Martorell'),(12703,9,'Cubillo del Campo'),(12704,10,'Majadas'),(12705,12,'Torás'),(12706,17,'Olot'),(12707,18,'Calahorra, La'),(12708,19,'Esplegares'),(12709,22,'Gistaín'),(12710,24,'Pola de Gordón, La'),(12711,25,'Ivorra'),(12712,26,'Pedroso'),(12713,28,'Piñuécar-Gandullas'),(12714,31,'Garínoain'),(12715,34,'Olmos de Ojeda'),(12716,37,'Chagarcía Medianero'),(12717,43,'Porrera'),(12718,44,'Fuentespalda'),(12719,45,'Navamorcuende'),(12720,46,'Domeño'),(12721,47,'Peñafiel'),(12722,49,'Matilla la Seca'),(12723,50,'Fuendetodos'),(12724,3,'Sagra'),(12725,5,'Maello'),(12726,6,'Roca de la Sierra, La'),(12727,8,'Martorelles'),(12728,9,'Cubo de Bureba'),(12729,10,'Malpartida de Cáceres'),(12730,12,'Toro, El'),(12731,16,'Laguna del Marquesado'),(12732,17,'Ordis'),(12733,18,'Láchar'),(12734,19,'Establés'),(12735,22,'Grado, El'),(12736,24,'Ponferrada'),(12737,25,'Isona i Conca Dellà'),(12738,26,'Pinillos'),(12739,28,'Pozuelo de Alarcón'),(12740,31,'Garralda'),(12741,37,'Dios le Guarde'),(12742,40,'Maderuelo'),(12743,42,'Miño de Medinaceli'),(12744,43,'Pradell de la Teixeta'),(12745,44,'Galve'),(12746,45,'Noblejas'),(12747,46,'Dos Aguas'),(12748,47,'Peñaflor de Hornija'),(12749,49,'Mayalde'),(12750,50,'Fuentes de Ebro'),(12751,3,'Salinas'),(12752,5,'Malpartida de Corneja'),(12753,6,'Salvaleón'),(12754,8,'Masies de Roda, Les'),(12755,10,'Malpartida de Plasencia'),(12756,12,'Torralba del Pinar'),(12757,16,'Lagunaseca'),(12758,17,'Osor'),(12759,18,'Lanjarón'),(12760,19,'Estriégana'),(12761,22,'Grañén'),(12762,24,'Posada de Valdeón'),(12763,28,'Pozuelo del Rey'),(12764,31,'Genevilla'),(12765,34,'Osornillo'),(12766,37,'Doñinos de Ledesma'),(12767,42,'Miño de San Esteban'),(12768,43,'Prades'),(12769,44,'Gargallo'),(12770,45,'Noez'),(12771,46,'Eliana, l\''),(12772,47,'Pesquera de Duero'),(12773,49,'Melgar de Tera'),(12774,50,'Fuentes de Jiloca'),(12775,3,'Sanet y Negrals'),(12776,5,'Mamblas'),(12777,6,'Salvatierra de los Barros'),(12778,8,'Masies de Voltregà, Les'),(12779,9,'Cueva de Roa, La'),(12780,10,'Marchagaz'),(12781,12,'Torreblanca'),(12782,16,'Landete'),(12783,17,'Palafrugell'),(12784,18,'Lanteira'),(12785,19,'Fontanar'),(12786,22,'Graus'),(12787,24,'Pozuelo del Páramo'),(12788,26,'Pradejón'),(12789,28,'Prádena del Rincón'),(12790,31,'Goizueta'),(12791,37,'Doñinos de Salamanca'),(12792,42,'Molinos de Duero'),(12793,43,'Prat de Comte'),(12794,44,'Gea de Albarracín'),(12795,45,'Nombela'),(12796,46,'Emperador'),(12797,47,'Piña de Esgueva'),(12798,49,'Micereces de Tera'),(12799,50,'Gallocanta'),(12800,3,'San Fulgencio'),(12801,5,'Mancera de Arriba'),(12802,6,'Sancti-Spíritus'),(12803,8,'Masnou, El'),(12804,10,'Mata de Alcántara'),(12805,12,'Torrechiva'),(12806,16,'Ledaña'),(12807,17,'Palamós'),(12808,19,'Fuembellida'),(12809,24,'Prado de la Guzpeña'),(12810,25,'Juncosa'),(12811,26,'Pradillo'),(12812,28,'Puebla de la Sierra'),(12813,31,'Goñi'),(12814,37,'Ejeme'),(12815,40,'Marazuela'),(12816,42,'Momblona'),(12817,43,'Pratdip'),(12818,44,'Ginebrosa, La'),(12819,45,'Novés'),(12820,46,'Enguera'),(12821,47,'Piñel de Abajo'),(12822,49,'Milles de la Polvorosa'),(12823,50,'Gallur'),(12824,3,'Sant Joan d\'Alacant'),(12825,5,'Manjabálago'),(12826,6,'San Pedro de Mérida'),(12827,8,'Masquefa'),(12828,9,'Cuevas de San Clemente'),(12829,10,'Membrío'),(12830,12,'Torre d\'En Besora, la'),(12831,16,'Leganiel'),(12832,17,'Palau de Santa Eulàlia'),(12833,18,'Lecrín'),(12834,19,'Fuencemillán'),(12835,22,'Gurrea de Gállego'),(12836,24,'Priaranza del Bierzo'),(12837,25,'Juneda'),(12838,26,'Préjano'),(12839,28,'Quijorna'),(12840,31,'Güesa/Gorza'),(12841,37,'Encina, La'),(12842,40,'Martín Miguel'),(12843,42,'Monteagudo de las Vicarías'),(12844,43,'Puigpelat'),(12845,44,'Griegos'),(12846,45,'Numancia de la Sagra'),(12847,46,'Ènova, l\''),(12848,47,'Piñel de Arriba'),(12849,49,'Molacillos'),(12850,50,'Gelsa'),(12851,3,'San Miguel de Salinas'),(12852,5,'Marlín'),(12853,6,'Santa Amalia'),(12854,8,'Matadepera'),(12855,9,'Encío'),(12856,10,'Mesas de Ibor'),(12857,12,'Torre d\'en Doménec, la'),(12858,17,'Palau-saverdera'),(12859,18,'Lentegí'),(12860,19,'Fuentelahiguera de Albatages'),(12861,24,'Prioro'),(12862,25,'Lleida'),(12863,26,'Quel'),(12864,28,'Rascafría'),(12865,31,'Guesálaz/Gesalatz'),(12866,34,'Palencia'),(12867,37,'Encina de San Silvestre'),(12868,40,'Martín Muñoz de la Dehesa'),(12869,42,'Montejo de Tiermes'),(12870,43,'Querol'),(12871,44,'Guadalaviar'),(12872,45,'Nuño Gómez'),(12873,46,'Estivella'),(12874,49,'Molezuelas de la Carballeda'),(12875,50,'Godojos'),(12876,3,'Santa Pola'),(12877,5,'Martiherrero'),(12878,6,'Santa Marta'),(12879,8,'Mataró'),(12880,10,'Miajadas'),(12881,12,'Traiguera'),(12882,16,'Majadas, Las'),(12883,17,'Palau-sator'),(12884,18,'Lobras'),(12885,19,'Fuentelencina'),(12886,24,'Puebla de Lillo'),(12887,25,'Les'),(12888,26,'Rabanera'),(12889,28,'Redueña'),(12890,31,'Guirguillano'),(12891,34,'Palenzuela'),(12892,37,'Encinas de Abajo'),(12893,40,'Martín Muñoz de las Posadas'),(12894,42,'Montenegro de Cameros'),(12895,43,'Rasquera'),(12896,44,'Gúdar'),(12897,45,'Ocaña'),(12898,46,'Estubeny'),(12899,47,'Pollos'),(12900,49,'Mombuey'),(12901,50,'Gotor'),(12902,3,'San Vicente del Raspeig/Sant Vicent del Raspeig'),(12903,5,'Martínez'),(12904,6,'Santos de Maimona, Los'),(12905,8,'Mediona'),(12906,9,'Espinosa de Cervera'),(12907,10,'Millanes'),(12908,12,'Useras/Useres, les'),(12909,16,'Mariana'),(12910,18,'Loja'),(12911,19,'Fuentelsaz'),(12912,22,'Hoz de Jaca'),(12913,24,'Puente de Domingo Flórez'),(12914,25,'Linyola'),(12915,26,'Rasillo de Cameros, El'),(12916,28,'Ribatejada'),(12917,31,'Huarte/Uharte'),(12918,34,'Páramo de Boedo'),(12919,37,'Encinas de Arriba'),(12920,40,'Marugán'),(12921,43,'Renau'),(12922,44,'Híjar'),(12923,45,'Olías del Rey'),(12924,46,'Faura'),(12925,47,'Portillo'),(12926,49,'Monfarracinos'),(12927,50,'Grisel'),(12928,3,'Sax'),(12929,5,'Mediana de Voltoya'),(12930,6,'San Vicente de Alcántara'),(12931,8,'Molins de Rei'),(12932,9,'Espinosa del Camino'),(12933,10,'Mirabel'),(12934,12,'Vallat'),(12935,16,'Masegosa'),(12936,17,'Palol de Revardit'),(12937,18,'Lugros'),(12938,19,'Fuentelviejo'),(12939,24,'Quintana del Castillo'),(12940,25,'Lladorre'),(12941,26,'Redal, El'),(12942,28,'Rivas-Vaciamadrid'),(12943,31,'Uharte-Arakil'),(12944,34,'Paredes de Nava'),(12945,37,'Encinasola de los Comendadores'),(12946,40,'Matabuena'),(12947,42,'Morón de Almazán'),(12948,43,'Reus'),(12949,44,'Hinojosa de Jarque'),(12950,45,'Ontígola'),(12951,46,'Favara'),(12952,47,'Pozal de Gallinas'),(12953,49,'Montamarta'),(12954,50,'Grisén'),(12955,3,'Sella'),(12956,5,'Medinilla'),(12957,6,'Segura de León'),(12958,8,'Mollet del Vallès'),(12959,9,'Espinosa de los Monteros'),(12960,10,'Mohedas de Granadilla'),(12961,12,'Vall d\'Alba'),(12962,16,'Mesas, Las'),(12963,17,'Pals'),(12964,18,'Lújar'),(12965,19,'Fuentenovilla'),(12966,22,'Huerto'),(12967,24,'Quintana del Marco'),(12968,25,'Lladurs'),(12969,26,'Ribafrecha'),(12970,28,'Robledillo de la Jara'),(12971,31,'Ibargoiti'),(12972,34,'Payo de Ojeda'),(12973,37,'Endrinal'),(12974,40,'Mata de Cuéllar'),(12975,42,'Muriel de la Fuente'),(12976,43,'Riba, La'),(12977,44,'Hoz de la Vieja, La'),(12978,45,'Orgaz'),(12979,46,'Fontanars dels Alforins'),(12980,47,'Pozaldez'),(12981,49,'Moral de Sayago'),(12982,50,'Herrera de los Navarros'),(12983,3,'Senija'),(12984,5,'Mengamuñoz'),(12985,6,'Siruela'),(12986,8,'Montcada i Reixac'),(12987,9,'Estépar'),(12988,10,'Monroy'),(12989,12,'Vall de Almonacid'),(12990,16,'Minglanilla'),(12991,17,'Pardines'),(12992,19,'Gajanejos'),(12993,22,'Huesca'),(12994,24,'Quintana y Congosto'),(12995,25,'Llardecans'),(12996,26,'Rincón de Soto'),(12997,28,'Robledo de Chavela'),(12998,31,'Igúzquiza'),(12999,34,'Pedraza de Campos'),(13000,37,'Escurial de la Sierra'),(13001,40,'Matilla, La'),(13002,42,'Muriel Viejo'),(13003,43,'Riba-roja d\'Ebre'),(13004,44,'Huesa del Común'),(13005,45,'Oropesa'),(13006,46,'Fortaleny'),(13007,47,'Pozuelo de la Orden'),(13008,49,'Moraleja del Vino'),(13009,50,'Ibdes'),(13010,5,'Mesegar de Corneja'),(13011,6,'Solana de los Barros'),(13012,8,'Montgat'),(13013,10,'Montánchez'),(13014,12,'Vall d\'Uixó, la'),(13015,16,'Mira'),(13016,17,'Parlavà'),(13017,18,'Malahá, La'),(13018,19,'Galápagos'),(13019,22,'Ibieca'),(13020,25,'Llavorsí'),(13021,26,'Robres del Castillo'),(13022,28,'Robregordo'),(13023,31,'Imotz'),(13024,34,'Pedrosa de la Vega'),(13025,37,'Espadaña'),(13026,40,'Melque de Cercos'),(13027,43,'Riera de Gaià, La'),(13028,44,'Iglesuela del Cid, La'),(13029,45,'Otero'),(13030,46,'Foios'),(13031,47,'Puras'),(13032,49,'Moraleja de Sayago'),(13033,50,'Illueca'),(13034,3,'Tàrbena'),(13035,5,'Mijares'),(13036,6,'Talarrubias'),(13037,8,'Monistrol de Montserrat'),(13038,9,'Fontioso'),(13039,10,'Montehermoso'),(13040,12,'Vallibona'),(13041,18,'Maracena'),(13042,19,'Galve de Sorbe'),(13043,22,'Igriés'),(13044,24,'Regueras de Arriba'),(13045,25,'Lles de Cerdanya'),(13046,26,'Rodezno'),(13047,28,'Rozas de Madrid, Las'),(13048,31,'Irañeta'),(13049,34,'Perales'),(13050,37,'Espeja'),(13051,40,'Membibre de la Hoz'),(13052,42,'Nafría de Ucero'),(13053,43,'Riudecanyes'),(13054,44,'Jabaloyas'),(13055,45,'Palomeque'),(13056,46,'Font d\'En Carròs, la'),(13057,47,'Quintanilla de Arriba'),(13058,49,'Morales del Vino'),(13059,3,'Teulada'),(13060,5,'Mingorría'),(13061,6,'Talavera la Real'),(13062,8,'Monistrol de Calders'),(13063,9,'Frandovínez'),(13064,10,'Moraleja'),(13065,12,'Vilafamés'),(13066,16,'Monreal del Llano'),(13067,17,'Pau'),(13068,18,'Marchal'),(13069,22,'Ilche'),(13070,25,'Llimiana'),(13071,26,'Sajazarra'),(13072,28,'Rozas de Puerto Real'),(13073,31,'Isaba/Izaba'),(13074,37,'Espino de la Orbada'),(13075,40,'Migueláñez'),(13076,42,'Narros'),(13077,43,'Riudecols'),(13078,44,'Jarque de la Val'),(13079,45,'Pantoja'),(13080,46,'Font de la Figuera, la'),(13081,47,'Quintanilla del Molar'),(13082,49,'Morales de Rey'),(13083,50,'Isuerre'),(13084,3,'Tibi'),(13085,5,'Mirón, El'),(13086,6,'Táliga'),(13087,8,'Muntanyola'),(13088,9,'Fresneda de la Sierra Tirón'),(13089,10,'Morcillo'),(13090,12,'Villafranca del Cid/Vilafranca'),(13091,16,'Montalbanejo'),(13092,17,'Pedret i Marzà'),(13093,19,'Gascueña de Bornova'),(13094,22,'Isábena'),(13095,24,'Reyero'),(13096,25,'Llobera'),(13097,26,'San Asensio'),(13098,28,'San Agustín del Guadalix'),(13099,31,'Ituren'),(13100,34,'Pino del Río'),(13101,37,'Florida de Liébana'),(13102,40,'Montejo de Arévalo'),(13103,42,'Navaleno'),(13104,43,'Riudoms'),(13105,44,'Jatiel'),(13106,45,'Paredes de Escalona'),(13107,46,'Fuenterrobles'),(13108,47,'Quintanilla de Onésimo'),(13109,49,'Morales de Toro'),(13110,50,'Jaraba'),(13111,3,'Tollos'),(13112,5,'Mironcillo'),(13113,6,'Tamurejo'),(13114,8,'Montclar'),(13115,9,'Fresneña'),(13116,10,'Navaconcejo'),(13117,12,'Villahermosa del Río'),(13118,16,'Montalbo'),(13119,17,'Pera, La'),(13120,19,'Guadalajara'),(13121,22,'Jaca'),(13122,24,'Riaño'),(13123,25,'Maldà'),(13124,26,'San Millán de la Cogolla'),(13125,28,'San Fernando de Henares'),(13126,31,'Iturmendi'),(13127,34,'Piña de Campos'),(13128,37,'Forfoleda'),(13129,40,'Montejo de la Vega de la Serrezuela'),(13130,42,'Nepas'),(13131,43,'Rocafort de Queralt'),(13132,44,'Jorcas'),(13133,45,'Parrillas'),(13134,46,'Gavarda'),(13135,47,'Quintanilla de Trigueros'),(13136,49,'Morales de Valverde'),(13137,50,'Jarque'),(13138,3,'Tormos'),(13139,5,'Mirueña de los Infanzones'),(13140,6,'Torre de Miguel Sesmero'),(13141,8,'Montesquiu'),(13142,9,'Fresnillo de las Dueñas'),(13143,10,'Navalmoral de la Mata'),(13144,12,'Villamalur'),(13145,16,'Monteagudo de las Salinas'),(13146,22,'Jasa'),(13147,24,'Riego de la Vega'),(13148,25,'Massalcoreig'),(13149,26,'San Millán de Yécora'),(13150,28,'San Lorenzo de El Escorial'),(13151,31,'Iza/Itza'),(13152,34,'Población de Arroyo'),(13153,37,'Frades de la Sierra'),(13154,40,'Monterrubio'),(13155,42,'Nolay'),(13156,43,'Roda de Barà'),(13157,44,'Josa'),(13158,45,'Pelahustán'),(13159,46,'Gandia'),(13160,47,'Rábano'),(13161,49,'Moralina'),(13162,50,'Jaulín'),(13163,3,'Torremanzanas/Torre de les Maçanes, la'),(13164,5,'Mombeltrán'),(13165,6,'Torremayor'),(13166,8,'Montmajor'),(13167,9,'Fresno de Río Tirón'),(13168,10,'Navalvillar de Ibor'),(13169,12,'Vilanova d\'Alcolea'),(13170,16,'Mota de Altarejos'),(13171,17,'Peralada'),(13172,18,'Moclín'),(13173,19,'Henche'),(13174,24,'Riello'),(13175,25,'Massoteres'),(13176,26,'San Román de Cameros'),(13177,28,'San Martín de la Vega'),(13178,31,'Izagaondoa'),(13179,34,'Población de Campos'),(13180,37,'Fregeneda, La'),(13181,40,'Moral de Hornuez'),(13182,42,'Noviercas'),(13183,43,'Rodonyà'),(13184,44,'Lagueruela'),(13185,45,'Pepino'),(13186,46,'Genovés'),(13187,47,'Ramiro'),(13188,49,'Moreruela de los Infanzones'),(13189,50,'Joyosa, La'),(13190,3,'Torrevieja'),(13191,5,'Monsalupe'),(13192,6,'Torremejía'),(13193,8,'Montmaneu'),(13194,9,'Fresno de Rodilla'),(13195,10,'Navas del Madroño'),(13196,12,'Villanueva de Viver'),(13197,16,'Mota del Cuervo'),(13198,17,'Planes d\'Hostoles, Les'),(13199,18,'Molvízar'),(13200,19,'Heras de Ayuso'),(13201,22,'Labuerda'),(13202,24,'Rioseco de Tapia'),(13203,25,'Maials'),(13204,28,'San Martín de Valdeiglesias'),(13205,31,'Izalzu/Itzaltzu'),(13206,34,'Población de Cerrato'),(13207,37,'Fresnedoso'),(13208,43,'Roquetes'),(13209,44,'Lanzuela'),(13210,45,'Polán'),(13211,46,'Gestalgar'),(13212,47,'Renedo de Esgueva'),(13213,49,'Moreruela de Tábara'),(13214,50,'Lagata'),(13215,3,'Vall d\'Alcalà, la'),(13216,5,'Moraleja de Matacabras'),(13217,6,'Trasierra'),(13218,8,'Figaró-Montmany'),(13219,9,'Frías'),(13220,10,'Navezuelas'),(13221,12,'Vilar de Canes'),(13222,16,'Motilla del Palancar'),(13223,17,'Planoles'),(13224,18,'Monachil'),(13225,19,'Herrería'),(13226,24,'Robla, La'),(13227,25,'Menàrguens'),(13228,26,'Santa Coloma'),(13229,28,'San Sebastián de los Reyes'),(13230,31,'Jaurrieta'),(13231,34,'Polentinos'),(13232,37,'Fresno Alhándiga'),(13233,40,'Mozoncillo'),(13234,42,'Ólvega'),(13235,43,'Rourell, El'),(13236,45,'Portillo de Toledo'),(13237,46,'Gilet'),(13238,47,'Roales de Campos'),(13239,49,'Muelas de los Caballeros'),(13240,50,'Langa del Castillo'),(13241,3,'Vall d\'Ebo, la'),(13242,5,'Muñana'),(13243,6,'Trujillanos'),(13244,8,'Montmeló'),(13245,9,'Fuentebureba'),(13246,10,'Nuñomoral'),(13247,12,'Vila-real'),(13248,16,'Moya'),(13249,17,'Pont de Molins'),(13250,18,'Montefrío'),(13251,19,'Hiendelaencina'),(13252,22,'Laluenga'),(13253,25,'Miralcamp'),(13254,26,'Santa Engracia del Jubera'),(13255,28,'Santa María de la Alameda'),(13256,31,'Javier'),(13257,34,'Pomar de Valdivia'),(13258,37,'Fuente de San Esteban, La'),(13259,40,'Muñopedro'),(13260,42,'Oncala'),(13261,43,'Salomó'),(13262,44,'Libros'),(13263,45,'Puebla de Almoradiel, La'),(13264,46,'Godella'),(13265,47,'Robladillo'),(13266,49,'Muelas del Pan'),(13267,50,'Layana'),(13268,3,'Vall de Gallinera'),(13269,5,'Muñico'),(13270,6,'Usagre'),(13271,8,'Montornès del Vallès'),(13272,9,'Fuentecén'),(13273,10,'Oliva de Plasencia'),(13274,12,'Vilavella, la'),(13275,17,'Pontós'),(13276,18,'Montejícar'),(13277,19,'Hijes'),(13278,22,'Lalueza'),(13279,24,'Roperuelos del Páramo'),(13280,25,'Molsosa, La'),(13281,26,'Santa Eulalia Bajera'),(13282,28,'Santorcaz'),(13283,31,'Juslapeña'),(13284,34,'Poza de la Vega'),(13285,37,'Fuenteguinaldo'),(13286,40,'Muñoveros'),(13287,43,'Sant Carles de la Ràpita'),(13288,44,'Lidón'),(13289,45,'Puebla de Montalbán, La'),(13290,46,'Godelleta'),(13291,49,'Muga de Sayago'),(13292,50,'Lécera'),(13293,3,'Vall de Laguar, la'),(13294,6,'Valdecaballeros'),(13295,8,'Montseny'),(13296,9,'Fuentelcésped'),(13297,10,'Palomero'),(13298,12,'Villores'),(13299,16,'Narboneta'),(13300,17,'Porqueres'),(13301,18,'Montillana'),(13302,22,'Lanaja'),(13303,24,'Sabero'),(13304,25,'Mollerussa'),(13305,28,'Santos de la Humosa, Los'),(13306,31,'Beintza-Labaien'),(13307,34,'Pozo de Urama'),(13308,37,'Fuenteliante'),(13309,43,'Sant Jaume dels Domenys'),(13310,44,'Linares de Mora'),(13311,45,'Pueblanueva, La'),(13312,46,'Granja de la Costera, la'),(13313,47,'Roturas'),(13314,49,'Navianos de Valverde'),(13315,50,'Leciñena'),(13316,3,'Verger, el'),(13317,5,'Muñogalindo'),(13318,6,'Valdetorres'),(13319,8,'Moià'),(13320,9,'Fuentelisendo'),(13321,10,'Pasarón de la Vera'),(13322,12,'Vinaròs'),(13323,17,'Portbou'),(13324,18,'Moraleda de Zafayona'),(13325,19,'Hita'),(13326,25,'Montgai'),(13327,26,'Santo Domingo de la Calzada'),(13328,28,'Serna del Monte, La'),(13329,31,'Lakuntza'),(13330,37,'Fuenterroble de Salvatierra'),(13331,40,'Nava de la Asunción'),(13332,43,'Santa Bàrbara'),(13333,44,'Loscos'),(13334,45,'Puente del Arzobispo, El'),(13335,46,'Guadasséquies'),(13336,47,'Rubí de Bracamonte'),(13337,49,'Olmillos de Castro'),(13338,50,'Lechón'),(13339,3,'Villajoyosa/Vila Joiosa, la'),(13340,5,'Muñogrande'),(13341,6,'Valencia de las Torres'),(13342,8,'Mura'),(13343,9,'Fuentemolinos'),(13344,10,'Pedroso de Acim'),(13345,12,'Vistabella del Maestrazgo'),(13346,16,'Olivares de Júcar'),(13347,17,'Preses, Les'),(13348,19,'Hombrados'),(13349,22,'Laperdiguera'),(13350,24,'Sahagún'),(13351,25,'Montellà i Martinet'),(13352,26,'San Torcuato'),(13353,31,'Lana'),(13354,34,'Prádanos de Ojeda'),(13355,37,'Fuentes de Béjar'),(13356,40,'Navafría'),(13357,42,'Pinilla del Campo'),(13358,43,'Santa Coloma de Queralt'),(13359,45,'Puerto de San Vicente'),(13360,46,'Guadassuar'),(13361,47,'Rueda'),(13362,49,'Otero de Bodas'),(13363,50,'Letux'),(13364,3,'Villena'),(13365,5,'Muñomer del Peco'),(13366,6,'Valencia del Mombuey'),(13367,8,'Navarcles'),(13368,9,'Fuentenebro'),(13369,10,'Peraleda de la Mata'),(13370,12,'Viver'),(13371,16,'Olmeda de la Cuesta'),(13372,17,'Port de la Selva, El'),(13373,18,'Motril'),(13374,25,'Montferrer i Castellbò'),(13375,26,'Santurde de Rioja'),(13376,28,'Serranillos del Valle'),(13377,31,'Lantz'),(13378,34,'Puebla de Valdavia, La'),(13379,37,'Fuentes de Oñoro'),(13380,40,'Navalilla'),(13381,42,'Portillo de Soria'),(13382,43,'Santa Oliva'),(13383,45,'Pulgar'),(13384,46,'Guardamar de la Safor'),(13385,47,'Saelices de Mayorga'),(13386,50,'Litago'),(13387,5,'Muñopepe'),(13388,6,'Valencia del Ventoso'),(13389,8,'Navàs'),(13390,9,'Fuentespina'),(13391,10,'Peraleda de San Román'),(13392,12,'Zorita del Maestrazgo'),(13393,16,'Olmeda del Rey'),(13394,17,'Puigcerdà'),(13395,18,'Murtas'),(13396,22,'Lascellas-Ponzano'),(13397,24,'San Adrián del Valle'),(13398,25,'Montoliu de Segarra'),(13399,26,'Santurdejo'),(13400,28,'Sevilla la Nueva'),(13401,31,'Lapoblación'),(13402,34,'Quintana del Puente'),(13403,37,'Gajates'),(13404,40,'Navalmanzano'),(13405,42,'Póveda de Soria, La'),(13406,43,'Pontils'),(13407,44,'Lledó'),(13408,45,'Quero'),(13409,46,'Higueruelas'),(13410,47,'Salvador de Zapardiel'),(13411,49,'Pajares de la Lampreana'),(13412,50,'Lituénigo'),(13413,5,'Muñosancho'),(13414,6,'Valverde de Burguillos'),(13415,8,'Nou de Berguedà, La'),(13416,10,'Perales del Puerto'),(13417,12,'Zucaina'),(13418,16,'Olmedilla de Alarcón'),(13419,17,'Quart'),(13420,19,'Hontoba'),(13421,22,'Lascuarre'),(13422,24,'San Andrés del Rabanedo'),(13423,25,'Montoliu de Lleida'),(13424,26,'San Vicente de la Sonsierra'),(13425,31,'Larraga'),(13426,37,'Galindo y Perahuy'),(13427,40,'Navares de Ayuso'),(13428,42,'Pozalmuro'),(13429,43,'Sarral'),(13430,44,'Maicas'),(13431,45,'Quintanar de la Orden'),(13432,46,'Jalance'),(13433,47,'San Cebrián de Mazote'),(13434,49,'Palacios del Pan'),(13435,50,'Lobera de Onsella'),(13436,5,'Muñotello'),(13437,6,'Valverde de Leganés'),(13438,8,'Òdena'),(13439,9,'Galbarros'),(13440,10,'Pescueza'),(13441,16,'Olmedilla de Eliz'),(13442,17,'Rabós'),(13443,18,'Nigüelas'),(13444,19,'Horche'),(13445,22,'Laspaúles'),(13446,24,'Sancedo'),(13447,25,'Montornès de Segarra'),(13448,26,'Sojuela'),(13449,28,'Somosierra'),(13450,31,'Larraona'),(13451,34,'Quintanilla de Onsoña'),(13452,37,'Galinduste'),(13453,40,'Navares de Enmedio'),(13454,43,'Savallà del Comtat'),(13455,44,'Manzanera'),(13456,45,'Quismondo'),(13457,46,'Xeraco'),(13458,47,'San Llorente'),(13459,49,'Palacios de Sanabria'),(13460,50,'Longares'),(13461,5,'Narrillos del Álamo'),(13462,6,'Valverde de Llerena'),(13463,8,'Olvan'),(13464,9,'Gallega, La'),(13465,10,'Pesga, La'),(13466,17,'Regencós'),(13467,18,'Nívar'),(13468,22,'Laspuña'),(13469,24,'San Cristóbal de la Polantera'),(13470,26,'Sorzano'),(13471,28,'Soto del Real'),(13472,31,'Larraun'),(13473,37,'Galisancho'),(13474,40,'Navares de las Cuevas'),(13475,42,'Quintana Redonda'),(13476,43,'Secuita, La'),(13477,44,'Martín del Río'),(13478,45,'Real de San Vicente, El'),(13479,46,'Jarafuel'),(13480,47,'San Martín de Valvení'),(13481,50,'Longás'),(13482,5,'Narrillos del Rebollar'),(13483,6,'Valverde de Mérida'),(13484,8,'Olèrdola'),(13485,10,'Piedras Albas'),(13486,16,'Osa de la Vega'),(13487,17,'Ribes de Freser'),(13488,18,'Ogíjares'),(13489,19,'Hortezuela de Océn'),(13490,24,'San Emiliano'),(13491,25,'Nalec'),(13492,26,'Sotés'),(13493,28,'Talamanca de Jarama'),(13494,31,'Lazagurría'),(13495,37,'Gallegos de Argañán'),(13496,40,'Navas de Oro'),(13497,42,'Quintanas de Gormaz'),(13498,43,'Selva del Camp, La'),(13499,44,'Mas de las Matas'),(13500,45,'Recas'),(13501,46,'Xàtiva'),(13502,47,'San Miguel del Arroyo'),(13503,49,'Pedralba de la Pradería'),(13504,6,'Valle de la Serena'),(13505,8,'Olesa de Bonesvalls'),(13506,10,'Pinofranqueado'),(13507,16,'Pajarón'),(13508,17,'Riells i Viabrea'),(13509,18,'Orce'),(13510,19,'Huerce, La'),(13511,24,'San Esteban de Nogales'),(13512,25,'Navès'),(13513,26,'Soto en Cameros'),(13514,28,'Tielmes'),(13515,31,'Leache'),(13516,34,'Reinoso de Cerrato'),(13517,37,'Gallegos de Solmirón'),(13518,40,'Navas de San Antonio'),(13519,43,'Senan'),(13520,44,'Mata de los Olmos, La'),(13521,45,'Retamoso de la Jara'),(13522,46,'Xeresa'),(13523,47,'San Miguel del Pino'),(13524,49,'Pego, El'),(13525,50,'Lucena de Jalón'),(13526,5,'Narros del Castillo'),(13527,6,'Valle de Matamoros'),(13528,8,'Olesa de Montserrat'),(13529,10,'Piornal'),(13530,16,'Pajaroncillo'),(13531,17,'Ripoll'),(13532,18,'Órgiva'),(13533,19,'Huérmeces del Cerro'),(13534,26,'Terroba'),(13535,28,'Titulcia'),(13536,31,'Legarda'),(13537,34,'Renedo de la Vega'),(13538,37,'Garcibuey'),(13539,43,'Solivella'),(13540,44,'Mazaleón'),(13541,45,'Rielves'),(13542,46,'Llíria'),(13543,47,'San Pablo de la Moraleja'),(13544,49,'Peleagonzalo'),(13545,50,'Luceni'),(13546,5,'Narros del Puerto'),(13547,6,'Valle de Santa Ana'),(13548,8,'Olivella'),(13549,9,'Grijalba'),(13550,10,'Plasencia'),(13551,16,'Palomares del Campo'),(13552,17,'Riudarenes'),(13553,18,'Otívar'),(13554,19,'Huertahernando'),(13555,24,'San Justo de la Vega'),(13556,25,'Odèn'),(13557,26,'Tirgo'),(13558,28,'Torrejón de Ardoz'),(13559,31,'Legaria'),(13560,37,'Garcihernández'),(13561,40,'Nieva'),(13562,42,'Quiñonería'),(13563,43,'Tarragona'),(13564,44,'Mezquita de Jarque'),(13565,45,'Robledo del Mazo'),(13566,46,'Loriguilla'),(13567,47,'San Pedro de Latarce'),(13568,49,'Peleas de Abajo'),(13569,50,'Luesia'),(13570,5,'Narros de Saldueña'),(13571,6,'Villafranca de los Barros'),(13572,8,'Olost'),(13573,9,'Grisaleña'),(13574,10,'Plasenzuela'),(13575,16,'Palomera'),(13576,17,'Riudaura'),(13577,18,'Otura'),(13578,22,'Loarre'),(13579,24,'San Millán de los Caballeros'),(13580,25,'Oliana'),(13581,26,'Tobía'),(13582,28,'Torrejón de la Calzada'),(13583,31,'Leitza'),(13584,34,'Requena de Campos'),(13585,37,'Garcirrey'),(13586,40,'Olombrada'),(13587,42,'Rábanos, Los'),(13588,43,'Tivenys'),(13589,44,'Mirambel'),(13590,45,'Romeral, El'),(13591,46,'Losa del Obispo'),(13592,47,'San Pelayo'),(13593,49,'Peñausende'),(13594,50,'Luesma'),(13595,6,'Villagarcía de la Torre'),(13596,8,'Orís'),(13597,10,'Portaje'),(13598,16,'Paracuellos'),(13599,17,'Riudellots de la Selva'),(13600,18,'Padul'),(13601,19,'Hueva'),(13602,22,'Loporzano'),(13603,24,'San Pedro Bercianos'),(13604,25,'Oliola'),(13605,26,'Tormantos'),(13606,28,'Torrejón de Velasco'),(13607,31,'Leoz/Leotz'),(13608,37,'Gejuelo del Barro'),(13609,40,'Orejana'),(13610,43,'Tivissa'),(13611,44,'Miravete de la Sierra'),(13612,45,'San Bartolomé de las Abiertas'),(13613,46,'Llutxent'),(13614,47,'San Román de Hornija'),(13615,49,'Peque'),(13616,50,'Lumpiaque'),(13617,5,'Navacepedilla de Corneja'),(13618,6,'Villagonzalo'),(13619,8,'Oristà'),(13620,9,'Gumiel de Izán'),(13621,10,'Portezuelo'),(13622,16,'Paredes'),(13623,17,'Riumors'),(13624,18,'Pampaneira'),(13625,19,'Humanes'),(13626,22,'Loscorrales'),(13627,24,'Santa Colomba de Curueño'),(13628,25,'Olius'),(13629,26,'Torrecilla en Cameros'),(13630,28,'Torrelaguna'),(13631,31,'Lerga'),(13632,34,'Respenda de la Peña'),(13633,37,'Golpejas'),(13634,40,'Ortigosa de Pestaño'),(13635,42,'Rebollar'),(13636,43,'Torre de Fontaubella, La'),(13637,44,'Molinos'),(13638,45,'San Martín de Montalbán'),(13639,46,'Llocnou d\'En Fenollet'),(13640,47,'San Salvador'),(13641,49,'Perdigón, El'),(13642,50,'Luna'),(13643,5,'Nava de Arévalo'),(13644,6,'Villalba de los Barros'),(13645,8,'Orpí'),(13646,9,'Gumiel de Mercado'),(13647,10,'Pozuelo de Zarzón'),(13648,16,'Parra de las Vegas, La'),(13649,17,'Roses'),(13650,18,'Pedro Martínez'),(13651,19,'Illana'),(13652,24,'Santa Colomba de Somoza'),(13653,25,'Oluges, Les'),(13654,26,'Torrecilla sobre Alesanco'),(13655,28,'Torrelodones'),(13656,31,'Lerín'),(13657,34,'Revenga de Campos'),(13658,37,'Gomecello'),(13659,40,'Otero de Herreros'),(13660,42,'Recuerda'),(13661,43,'Torre de l\'Espanyol, La'),(13662,44,'Monforte de Moyuela'),(13663,45,'San Martín de Pusa'),(13664,46,'Llocnou de la Corona'),(13665,47,'Santa Eufemia del Arroyo'),(13666,49,'Pereruela'),(13667,50,'Maella'),(13668,5,'Nava del Barco'),(13669,6,'Villanueva de la Serena'),(13670,8,'Òrrius'),(13671,10,'Puerto de Santa Cruz'),(13672,16,'Pedernoso, El'),(13673,17,'Rupià'),(13674,18,'Peligros'),(13675,19,'Iniéstola'),(13676,24,'Santa Cristina de Valmadrigal'),(13677,25,'Omellons, Els'),(13678,26,'Torre en Cameros'),(13679,28,'Torremocha de Jarama'),(13680,31,'Lesaka'),(13681,42,'Rello'),(13682,43,'Torredembarra'),(13683,44,'Monreal del Campo'),(13684,45,'San Pablo de los Montes'),(13685,46,'Llocnou de Sant Jeroni'),(13686,47,'Santervás de Campos'),(13687,49,'Perilla de Castro'),(13688,50,'Magallón'),(13689,5,'Navadijos'),(13690,6,'Villanueva del Fresno'),(13691,8,'Pacs del Penedès'),(13692,9,'Hacinas'),(13693,10,'Rebollar'),(13694,16,'Pedroñeras, Las'),(13695,17,'Sales de Llierca'),(13696,18,'Peza, La'),(13697,19,'Inviernas, Las'),(13698,24,'Santa Elena de Jamuz'),(13699,25,'Omells de na Gaia, Els'),(13700,26,'Torremontalbo'),(13701,28,'Torres de la Alameda'),(13702,31,'Lezáun'),(13703,34,'Revilla de Collazos'),(13704,37,'Guadramiro'),(13705,40,'Pajarejos'),(13706,42,'Renieblas'),(13707,43,'Torroja del Priorat'),(13708,44,'Monroyo'),(13709,45,'San Román de los Montes'),(13710,46,'Llanera de Ranes'),(13711,47,'Santibáñez de Valcorba'),(13712,49,'Pías'),(13713,50,'Mainar'),(13714,5,'Navaescurial'),(13715,6,'Villar del Rey'),(13716,8,'Palafolls'),(13717,9,'Haza'),(13718,10,'Riolobos'),(13719,16,'Peral, El'),(13720,17,'Salt'),(13721,19,'Irueste'),(13722,22,'Monesma y Cajigar'),(13723,24,'Santa María de la Isla'),(13724,25,'Organyà'),(13725,26,'Treviana'),(13726,28,'Valdaracete'),(13727,31,'Liédena'),(13728,34,'Ribas de Campos'),(13729,37,'Guijo de Ávila'),(13730,40,'Palazuelos de Eresma'),(13731,42,'Retortillo de Soria'),(13732,43,'Tortosa'),(13733,44,'Montalbán'),(13734,45,'Santa Ana de Pusa'),(13735,46,'Llaurí'),(13736,47,'Santovenia de Pisuerga'),(13737,49,'Piedrahita de Castro'),(13738,50,'Malanquilla'),(13739,5,'Navahondilla'),(13740,6,'Villar de Rena'),(13741,8,'Palau-solità i Plegamans'),(13742,10,'Robledillo de Gata'),(13743,16,'Peraleja, La'),(13744,19,'Jadraque'),(13745,22,'Monflorite-Lascasas'),(13746,24,'Santa María del Monte de Cea'),(13747,25,'Os de Balaguer'),(13748,28,'Valdeavero'),(13749,31,'Lizoáin-Arriasgoiti'),(13750,34,'Riberos de la Cueza'),(13751,37,'Guijuelo'),(13752,40,'Pedraza'),(13753,42,'Reznos'),(13754,43,'Ulldecona'),(13755,44,'Monteagudo del Castillo'),(13756,45,'Santa Cruz de la Zarza'),(13757,46,'Llombai'),(13758,47,'San Vicente del Palacio'),(13759,49,'Pinilla de Toro'),(13760,50,'Maleján'),(13761,5,'Navalacruz'),(13762,6,'Villarta de los Montes'),(13763,8,'Pallejà'),(13764,10,'Robledillo de la Vera'),(13765,16,'Pesquera, La'),(13766,17,'Sant Andreu Salou'),(13767,18,'Pinos Genil'),(13768,19,'Jirueque'),(13769,22,'Montanuy'),(13770,24,'Santa María del Páramo'),(13771,25,'Ossó de Sió'),(13772,26,'Tricio'),(13773,28,'Valdelaguna'),(13774,31,'Lodosa'),(13775,34,'Saldaña'),(13776,37,'Herguijuela de Ciudad Rodrigo'),(13777,40,'Pelayos del Arroyo'),(13778,42,'Riba de Escalote, La'),(13779,43,'Ulldemolins'),(13780,44,'Monterde de Albarracín'),(13781,45,'Santa Cruz del Retamar'),(13782,46,'Llosa de Ranes, la'),(13783,47,'Sardón de Duero'),(13784,49,'Pino del Oro'),(13785,50,'Malón'),(13786,5,'Navalmoral'),(13787,6,'Zafra'),(13788,8,'Papiol, El'),(13789,10,'Robledillo de Trujillo'),(13790,16,'Picazo, El'),(13791,17,'Sant Climent Sescebes'),(13792,18,'Pinos Puente'),(13793,22,'Monzón'),(13794,24,'Santa María de Ordás'),(13795,25,'Palau d\'Anglesola, El'),(13796,26,'Tudelilla'),(13797,28,'Valdemanco'),(13798,31,'Lónguida/Longida'),(13799,34,'Salinas de Pisuerga'),(13800,37,'Herguijuela de la Sierra'),(13801,40,'Perosillo'),(13802,42,'Rioseco de Soria'),(13803,43,'Vallclara'),(13804,44,'Mora de Rubielos'),(13805,45,'Santa Olalla'),(13806,46,'Macastre'),(13807,47,'Seca, La'),(13808,49,'Piñero, El'),(13809,5,'Navalonguilla'),(13810,6,'Zahínos'),(13811,8,'Parets del Vallès'),(13812,9,'Hontanas'),(13813,10,'Robledollano'),(13814,16,'Pinarejo'),(13815,17,'Sant Feliu de Buixalleu'),(13816,18,'Píñar'),(13817,19,'Ledanca'),(13818,24,'Santa Marina del Rey'),(13819,28,'Valdemaqueda'),(13820,31,'Lumbier'),(13821,34,'San Cebrián de Campos'),(13822,37,'Herguijuela del Campo'),(13823,40,'Pinarejos'),(13824,42,'Rollamienta'),(13825,43,'Vallfogona de Riucorb'),(13826,44,'Moscardón'),(13827,45,'Sartajada'),(13828,46,'Manises'),(13829,47,'Serrada'),(13830,49,'Pobladura del Valle'),(13831,50,'Maluenda'),(13832,5,'Navalosa'),(13833,6,'Zalamea de la Serena'),(13834,8,'Perafita'),(13835,9,'Hontangas'),(13836,10,'Romangordo'),(13837,16,'Pineda de Gigüela'),(13838,17,'Sant Feliu de Guíxols'),(13839,19,'Loranca de Tajuña'),(13840,22,'Naval'),(13841,24,'Santas Martas'),(13842,26,'Uruñuela'),(13843,28,'Valdemorillo'),(13844,31,'Luquin'),(13845,34,'San Cebrián de Mudá'),(13846,37,'Hinojosa de Duero'),(13847,40,'Pinarnegrillo'),(13848,42,'Royo, El'),(13849,43,'Vallmoll'),(13850,44,'Mosqueruela'),(13851,45,'Segurilla'),(13852,46,'Manuel'),(13853,47,'Siete Iglesias de Trabancos'),(13854,49,'Pobladura de Valderaduey'),(13855,50,'Mallén'),(13856,5,'Navalperal de Pinares'),(13857,6,'Zarza-Capilla'),(13858,8,'Piera'),(13859,10,'Ruanes'),(13860,16,'Piqueras del Castillo'),(13861,17,'Sant Feliu de Pallerols'),(13862,18,'Polícar'),(13863,19,'Lupiana'),(13864,24,'Santiago Millas'),(13865,25,'Conca de Dalt'),(13866,26,'Valdemadera'),(13867,28,'Valdemoro'),(13868,31,'Mañeru'),(13869,34,'San Cristóbal de Boedo'),(13870,37,'Horcajo de Montemayor'),(13871,40,'Pradales'),(13872,42,'Salduero'),(13873,43,'Valls'),(13874,44,'Muniesa'),(13875,45,'Seseña'),(13876,46,'Marines'),(13877,47,'Simancas'),(13878,50,'Manchones'),(13879,5,'Navalperal de Tormes'),(13880,6,'Zarza, La'),(13881,8,'Hostalets de Pierola, Els'),(13882,9,'Hontoria de la Cantera'),(13883,10,'Salorino'),(13884,16,'Portalrubio de Guadamejud'),(13885,17,'Sant Ferriol'),(13886,18,'Polopos'),(13887,19,'Luzaga'),(13888,22,'Novales'),(13889,24,'Santovenia de la Valdoncina'),(13890,26,'Valgañón'),(13891,28,'Valdeolmos-Alalpardo'),(13892,31,'Marañón'),(13893,37,'Horcajo Medianero'),(13894,40,'Prádena'),(13895,42,'San Esteban de Gormaz'),(13896,43,'Vandellòs i l\'Hospitalet de l\'Infant'),(13897,45,'Sevilleja de la Jara'),(13898,46,'Massalavés'),(13899,47,'Tamariz de Campos'),(13900,49,'Porto'),(13901,50,'Mara'),(13902,5,'Navaluenga'),(13903,8,'Pineda de Mar'),(13904,9,'Hontoria del Pinar'),(13905,10,'Salvatierra de Santiago'),(13906,16,'Portilla'),(13907,17,'Sant Gregori'),(13908,18,'Pórtugos'),(13909,19,'Luzón'),(13910,22,'Nueno'),(13911,24,'Sariegos'),(13912,25,'Coma i la Pedra, La'),(13913,26,'Ventosa'),(13914,28,'Valdepiélagos'),(13915,31,'Marcilla'),(13916,34,'San Mamés de Campos'),(13917,37,'Hoya, La'),(13918,40,'Puebla de Pedraza'),(13919,42,'San Felices'),(13920,43,'Vendrell, El'),(13921,44,'Noguera de Albarracín'),(13922,45,'Sonseca'),(13923,46,'Massalfassar'),(13924,47,'Tiedra'),(13925,49,'Pozoantiguo'),(13926,50,'María de Huerva'),(13927,5,'Navaquesera'),(13928,8,'Pla del Penedès, El'),(13929,9,'Hontoria de Valdearados'),(13930,10,'San Martín de Trevejo'),(13931,17,'Sant Hilari Sacalm'),(13932,18,'Puebla de Don Fadrique'),(13933,22,'Olvena'),(13934,24,'Sena de Luna'),(13935,25,'Penelles'),(13936,26,'Ventrosa'),(13937,28,'Valdetorres de Jarama'),(13938,31,'Mélida'),(13939,37,'Huerta'),(13940,40,'Rapariegos'),(13941,42,'San Leonardo de Yagüe'),(13942,43,'Vespella de Gaià'),(13943,44,'Nogueras'),(13944,45,'Sotillo de las Palomas'),(13945,46,'Massamagrell'),(13946,47,'Tordehumos'),(13947,49,'Pozuelo de Tábara'),(13948,50,'Mediana de Aragón'),(13949,5,'Navarredonda de Gredos'),(13950,8,'Pobla de Claramunt, La'),(13951,10,'Santa Ana'),(13952,16,'Poyatos'),(13953,17,'Sant Jaume de Llierca'),(13954,18,'Pulianas'),(13955,19,'Majaelrayo'),(13956,22,'Ontiñena'),(13957,24,'Sobrado'),(13958,25,'Peramola'),(13959,26,'Viguera'),(13960,28,'Valdilecha'),(13961,31,'Mendavia'),(13962,34,'San Román de la Cuba'),(13963,37,'Iruelos'),(13964,40,'Rebollo'),(13965,42,'San Pedro Manrique'),(13966,43,'Vilabella'),(13967,44,'Nogueruelas'),(13968,45,'Talavera de la Reina'),(13969,46,'Massanassa'),(13970,47,'Tordesillas'),(13971,49,'Prado'),(13972,50,'Mequinenza'),(13973,5,'Navarredondilla'),(13974,8,'Pobla de Lillet, La'),(13975,9,'Hormazas, Las'),(13976,10,'Santa Cruz de la Sierra'),(13977,16,'Pozoamargo'),(13978,17,'Sant Jordi Desvalls'),(13979,19,'Málaga del Fresno'),(13980,24,'Soto de la Vega'),(13981,25,'Pinell de Solsonès'),(13982,26,'Villalba de Rioja'),(13983,28,'Valverde de Alcalá'),(13984,31,'Mendaza'),(13985,37,'Ituero de Azaba'),(13986,40,'Remondo'),(13987,42,'Santa Cruz de Yanguas'),(13988,43,'Vilallonga del Camp'),(13989,45,'Tembleque'),(13990,46,'Meliana'),(13991,47,'Torrecilla de la Abadesa'),(13992,49,'Puebla de Sanabria'),(13993,50,'Mesones de Isuela'),(13994,5,'Navarrevisca'),(13995,8,'Polinyà'),(13996,9,'Hornillos del Camino'),(13997,10,'Santa Cruz de Paniagua'),(13998,16,'Pozorrubio'),(13999,17,'Sant Joan de les Abadesses'),(14000,18,'Purullena'),(14001,19,'Malaguilla'),(14002,22,'Osso de Cinca'),(14003,24,'Soto y Amío'),(14004,25,'Pinós'),(14005,26,'Villalobar de Rioja'),(14006,28,'Velilla de San Antonio'),(14007,31,'Mendigorría'),(14008,34,'Santa Cecilia del Alcor'),(14009,37,'Juzbado'),(14010,42,'Santa María de Huerta'),(14011,43,'Vilanova d\'Escornalbou'),(14012,44,'Obón'),(14013,45,'Toboso, El'),(14014,46,'Millares'),(14015,47,'Torrecilla de la Orden'),(14016,49,'Pueblica de Valverde'),(14017,50,'Mezalocha'),(14018,5,'Navas del Marqués, Las'),(14019,8,'Pontons'),(14020,9,'Horra, La'),(14021,10,'Santa Marta de Magasca'),(14022,17,'Sant Joan de Mollet'),(14023,18,'Quéntar'),(14024,19,'Mandayona'),(14025,22,'Palo'),(14026,24,'Toral de los Guzmanes'),(14027,25,'Poal, El'),(14028,26,'Villamediana de Iregua'),(14029,28,'Vellón, El'),(14030,31,'Metauten'),(14031,34,'Santa Cruz de Boedo'),(14032,37,'Lagunilla'),(14033,40,'Riaguas de San Bartolomé'),(14034,42,'Santa María de las Hoyas'),(14035,43,'Vilanova de Prades'),(14036,44,'Odón'),(14037,45,'Toledo'),(14038,46,'Miramar'),(14039,47,'Torrecilla de la Torre'),(14040,49,'Quintanilla del Monte'),(14041,50,'Mianos'),(14042,5,'Navatalgordo'),(14043,8,'Prat de Llobregat, El'),(14044,9,'Hortigüela'),(14045,10,'Santiago de Alcántara'),(14046,16,'Pozuelo, El'),(14047,17,'Sant Julià de Ramis'),(14048,19,'Mantiel'),(14049,24,'Toreno'),(14050,25,'Pobla de Cérvoles, La'),(14051,26,'Villanueva de Cameros'),(14052,28,'Venturada'),(14053,31,'Milagro'),(14054,34,'Santervás de la Vega'),(14055,37,'Larrodrigo'),(14056,43,'Vilaplana'),(14057,44,'Ojos Negros'),(14058,45,'Torralba de Oropesa'),(14059,46,'Mislata'),(14060,47,'Torre de Esgueva'),(14061,49,'Quintanilla del Olmo'),(14062,50,'Miedes de Aragón'),(14063,5,'Navatejares'),(14064,8,'Prats de Rei, Els'),(14065,9,'Hoyales de Roa'),(14066,10,'Santiago del Campo'),(14067,16,'Priego'),(14068,17,'Vallfogona de Ripollès'),(14069,18,'Rubite'),(14070,19,'Maranchón'),(14071,22,'Panticosa'),(14072,24,'Torre del Bierzo'),(14073,25,'Bellaguarda'),(14074,26,'Villar de Arnedo, El'),(14075,28,'Villaconejos'),(14076,31,'Mirafuentes'),(14077,34,'Santibáñez de Ecla'),(14078,37,'Ledesma'),(14079,40,'Riaza'),(14080,43,'Vila-rodona'),(14081,45,'Torrecilla de la Jara'),(14082,46,'Mogente/Moixent'),(14083,47,'Torre de Peñafiel'),(14084,49,'Quintanilla de Urz'),(14085,50,'Monegrillo'),(14086,5,'Neila de San Miguel'),(14087,8,'Prats de Lluçanès'),(14088,10,'Santibáñez el Alto'),(14089,16,'Provencio, El'),(14090,17,'Sant Llorenç de la Muga'),(14091,18,'Salar'),(14092,19,'Marchamalo'),(14093,24,'Trabadelo'),(14094,25,'Pobla de Segur, La'),(14095,26,'Villar de Torre'),(14096,28,'Villa del Prado'),(14097,31,'Miranda de Arga'),(14098,34,'Santibáñez de la Peña'),(14099,37,'Ledrada'),(14100,40,'Ribota'),(14101,42,'Serón de Nágima'),(14102,43,'Vila-seca'),(14103,44,'Olba'),(14104,45,'Torre de Esteban Hambrán, La'),(14105,46,'Moncada'),(14106,47,'Torrelobatón'),(14107,49,'Quiruelas de Vidriales'),(14108,50,'Moneva'),(14109,5,'Niharra'),(14110,8,'Premià de Mar'),(14111,9,'Huérmeces'),(14112,10,'Santibáñez el Bajo'),(14113,16,'Puebla de Almenara'),(14114,17,'Sant Martí de Llémena'),(14115,19,'Masegoso de Tajuña'),(14116,22,'Peñalba'),(14117,24,'Truchas'),(14118,25,'Ponts'),(14119,26,'Villarejo'),(14120,28,'Villalbilla'),(14121,31,'Monreal/Elo'),(14122,37,'Linares de Riofrío'),(14123,40,'Riofrío de Riaza'),(14124,42,'Soliedra'),(14125,43,'Vilaverd'),(14126,44,'Oliete'),(14127,45,'Torrico'),(14128,46,'Montserrat'),(14129,47,'Torrescárcela'),(14130,49,'Rabanales'),(14131,50,'Monreal de Ariza'),(14132,5,'Ojos-Albos'),(14133,9,'Huerta de Arriba'),(14134,10,'Saucedilla'),(14135,16,'Valle de Altomira, El'),(14136,17,'Sant Martí Vell'),(14137,18,'Salobreña'),(14138,19,'Matarrubia'),(14139,22,'Peñas de Riglos, Las'),(14140,24,'Turcia'),(14141,25,'Pont de Suert, El'),(14142,26,'Villarroya'),(14143,28,'Villamanrique de Tajo'),(14144,31,'Monteagudo'),(14145,37,'Lumbrales'),(14146,40,'Roda de Eresma'),(14147,42,'Soria'),(14148,43,'Vilella Alta, La'),(14149,44,'Olmos, Los'),(14150,45,'Torrijos'),(14151,46,'Montaverner'),(14152,47,'Traspinedo'),(14153,49,'Rábano de Aliste'),(14154,50,'Monterde'),(14155,5,'Orbita'),(14156,8,'Puigdàlber'),(14157,9,'Huerta de Rey'),(14158,10,'Segura de Toro'),(14159,16,'Puebla del Salvador'),(14160,17,'Sant Miquel de Campmajor'),(14161,18,'Santa Cruz del Comercio'),(14162,19,'Matillas'),(14163,22,'Peralta de Alcofea'),(14164,24,'Urdiales del Páramo'),(14165,25,'Portella, La'),(14166,26,'Villarta-Quintana'),(14167,28,'Villamanta'),(14168,31,'Morentin'),(14169,34,'Santoyo'),(14170,37,'Macotera'),(14171,40,'Sacramenia'),(14172,42,'Sotillo del Rincón'),(14173,43,'Vilella Baixa, La'),(14174,44,'Orihuela del Tremedal'),(14175,45,'Totanés'),(14176,46,'Montesa'),(14177,47,'Trigueros del Valle'),(14178,49,'Requejo'),(14179,50,'Montón'),(14180,5,'Oso, El'),(14181,8,'Puig-reig'),(14182,9,'Humada'),(14183,10,'Serradilla'),(14184,16,'Quintanar del Rey'),(14185,17,'Sant Miquel de Fluvià'),(14186,18,'Santa Fe'),(14187,19,'Mazarete'),(14188,22,'Peralta de Calasanz'),(14189,24,'Valdefresno'),(14190,25,'Prats i Sansor'),(14191,26,'Villavelayo'),(14192,28,'Villamantilla'),(14193,31,'Mues'),(14194,34,'Serna, La'),(14195,37,'Machacón'),(14196,42,'Suellacabras'),(14197,43,'Vilalba dels Arcs'),(14198,44,'Orrios'),(14199,45,'Turleque'),(14200,46,'Montitxelvo/Montichelvo'),(14201,47,'Tudela de Duero'),(14202,49,'Revellinos'),(14203,50,'Morata de Jalón'),(14204,5,'Padiernos'),(14205,8,'Pujalt'),(14206,9,'Hurones'),(14207,10,'Serrejón'),(14208,16,'Rada de Haro'),(14209,17,'Sant Mori'),(14210,18,'Soportújar'),(14211,19,'Mazuecos'),(14212,22,'Peraltilla'),(14213,24,'Valdefuentes del Páramo'),(14214,25,'Preixana'),(14215,26,'Villaverde de Rioja'),(14216,28,'Villanueva de la Cañada'),(14217,31,'Murchante'),(14218,34,'Sotobañado y Priorato'),(14219,37,'Madroñal'),(14220,40,'Samboal'),(14221,42,'Tajahuerce'),(14222,43,'Vimbodí i Poblet'),(14223,44,'Palomar de Arroyos'),(14224,45,'Ugena'),(14225,46,'Montroy'),(14226,47,'Unión de Campos, La'),(14227,49,'Riofrío de Aliste'),(14228,50,'Morata de Jiloca'),(14229,5,'Pajares de Adaja'),(14230,8,'Quar, La'),(14231,9,'Ibeas de Juarros'),(14232,10,'Sierra de Fuentes'),(14233,16,'Reíllo'),(14234,17,'Sant Pau de Segúries'),(14235,18,'Sorvilán'),(14236,19,'Medranda'),(14237,22,'Perarrúa'),(14238,24,'Valdelugueros'),(14239,25,'Preixens'),(14240,26,'Villoslada de Cameros'),(14241,28,'Villanueva del Pardillo'),(14242,31,'Murieta'),(14243,34,'Soto de Cerrato'),(14244,37,'Maíllo, El'),(14245,40,'San Cristóbal de Cuéllar'),(14246,42,'Tajueco'),(14247,43,'Vinebre'),(14248,44,'Pancrudo'),(14249,45,'Urda'),(14250,46,'Museros'),(14251,47,'Urones de Castroponce'),(14252,49,'Rionegro del Puente'),(14253,50,'Morés'),(14254,5,'Palacios de Goda'),(14255,8,'Rajadell'),(14256,9,'Ibrillos'),(14257,10,'Talaván'),(14258,17,'Sant Pere Pescador'),(14259,18,'Torre-Cardela'),(14260,19,'Megina'),(14261,22,'Pertusa'),(14262,24,'Valdemora'),(14263,26,'Viniegra de Abajo'),(14264,28,'Villanueva de Perales'),(14265,31,'Murillo el Cuende'),(14266,34,'Tabanera de Cerrato'),(14267,37,'Malpartida'),(14268,40,'San Cristóbal de la Vega'),(14269,42,'Talveila'),(14270,43,'Vinyols i els Arcs'),(14271,44,'Parras de Castellote, Las'),(14272,46,'Náquera'),(14273,47,'Urueña'),(14274,49,'Roales'),(14275,50,'Moros'),(14276,5,'Papatrigo'),(14277,8,'Rellinars'),(14278,9,'Iglesiarrubia'),(14279,10,'Talaveruela de la Vera'),(14280,18,'Torvizcón'),(14281,19,'Membrillera'),(14282,24,'Valdepiélago'),(14283,25,'Prullans'),(14284,26,'Viniegra de Arriba'),(14285,28,'Villar del Olmo'),(14286,31,'Murillo el Fruto'),(14287,34,'Tabanera de Valdavia'),(14288,37,'Mancera de Abajo'),(14289,40,'Sanchonuño'),(14290,44,'Peñarroya de Tastavins'),(14291,45,'Valdeverdeja'),(14292,46,'Navarrés'),(14293,47,'Valbuena de Duero'),(14294,49,'Robleda-Cervantes'),(14295,50,'Moyuela'),(14296,5,'Parral, El'),(14297,8,'Ripollet'),(14298,9,'Iglesias'),(14299,10,'Talayuela'),(14300,17,'Santa Coloma de Farners'),(14301,18,'Trevélez'),(14302,24,'Valdepolo'),(14303,25,'Puiggròs'),(14304,26,'Zarratón'),(14305,28,'Villarejo de Salvanés'),(14306,31,'Muruzábal'),(14307,34,'Támara de Campos'),(14308,37,'Manzano, El'),(14309,40,'Sangarcía'),(14310,44,'Peracense'),(14311,45,'Valmojado'),(14312,46,'Novelé/Novetlè'),(14313,47,'Valdearcos de la Vega'),(14314,49,'Roelos de Sayago'),(14315,50,'Mozota'),(14316,5,'Pascualcobo'),(14317,8,'Roca del Vallès, La'),(14318,9,'Isar'),(14319,10,'Tejeda de Tiétar'),(14320,16,'Rozalén del Monte'),(14321,17,'Santa Cristina d\'Aro'),(14322,18,'Turón'),(14323,19,'Miedes de Atienza'),(14324,22,'Piracés'),(14325,24,'Valderas'),(14326,25,'Puigverd d\'Agramunt'),(14327,26,'Zarzosa'),(14328,28,'Villaviciosa de Odón'),(14329,31,'Navascués/Nabaskoze'),(14330,34,'Tariego de Cerrato'),(14331,37,'Martiago'),(14332,40,'Real Sitio de San Ildefonso'),(14333,42,'Tardelcuende'),(14334,44,'Peralejos'),(14335,45,'Velada'),(14336,46,'Oliva'),(14337,47,'Valdenebro de los Valles'),(14338,49,'Rosinos de la Requejada'),(14339,50,'Muel'),(14340,5,'Pedro Bernardo'),(14341,8,'Pont de Vilomara i Rocafort, El'),(14342,9,'Itero del Castillo'),(14343,10,'Toril'),(14344,17,'Santa Llogaia d\'Àlguema'),(14345,18,'Ugíjar'),(14346,19,'Mierla, La'),(14347,22,'Plan'),(14348,24,'Valderrey'),(14349,25,'Puigverd de Lleida'),(14350,28,'Villavieja del Lozoya'),(14351,31,'Nazar'),(14352,34,'Torquemada'),(14353,37,'Martinamor'),(14354,40,'San Martín y Mudrián'),(14355,42,'Taroda'),(14356,44,'Perales del Alfambra'),(14357,45,'Ventas con Peña Aguilera, Las'),(14358,46,'Olocau'),(14359,47,'Valdestillas'),(14360,50,'Muela, La'),(14361,5,'Pedro-Rodríguez'),(14362,8,'Roda de Ter'),(14363,9,'Jaramillo de la Fuente'),(14364,10,'Tornavacas'),(14365,17,'Sant Aniol de Finestres'),(14366,18,'Válor'),(14367,19,'Milmarcos'),(14368,24,'Valderrueda'),(14369,25,'Rialp'),(14370,26,'Zorraquín'),(14371,28,'Zarzalejo'),(14372,31,'Obanos'),(14373,37,'Martín de Yeltes'),(14374,40,'San Miguel de Bernuy'),(14375,42,'Tejado'),(14376,44,'Pitarque'),(14377,45,'Ventas de Retamosa, Las'),(14378,46,'Olleria, l\''),(14379,47,'Valdunquillo'),(14380,49,'Salce'),(14381,50,'Munébrega'),(14382,5,'Peguerinos'),(14383,8,'Rubí'),(14384,9,'Jaramillo Quemado'),(14385,10,'Torno, El'),(14386,17,'Santa Pau'),(14387,18,'Vélez de Benaudalla'),(14388,19,'Millana'),(14389,22,'Poleñino'),(14390,24,'Valdesamario'),(14391,31,'Oco'),(14392,34,'Torremormojón'),(14393,37,'Masueco'),(14394,40,'San Pedro de Gaíllos'),(14395,42,'Torlengua'),(14396,44,'Plou'),(14397,45,'Ventas de San Julián, Las'),(14398,46,'Ontinyent'),(14399,47,'Valoria la Buena'),(14400,49,'Samir de los Caños'),(14401,50,'Murero'),(14402,5,'Peñalba de Ávila'),(14403,8,'Rubió'),(14404,10,'Torrecilla de los Ángeles'),(14405,16,'Saceda-Trasierra'),(14406,17,'Sant Joan les Fonts'),(14407,18,'Ventas de Huelma'),(14408,19,'Miñosa, La'),(14409,24,'Val de San Lorenzo'),(14410,25,'Ribera d\'Urgellet'),(14411,31,'Ochagavía/Otsagabia'),(14412,34,'Triollo'),(14413,37,'Castellanos de Villiquera'),(14414,40,'Santa María la Real de Nieva'),(14415,42,'Torreblacos'),(14416,44,'Pobo, El'),(14417,45,'Villacañas'),(14418,46,'Otos'),(14419,47,'Valverde de Campos'),(14420,49,'San Agustín del Pozo'),(14421,50,'Murillo de Gállego'),(14422,5,'Piedrahíta'),(14423,10,'Torrecillas de la Tiesa'),(14424,16,'Saelices'),(14425,17,'Sarrià de Ter'),(14426,19,'Mirabueno'),(14427,22,'Pozán de Vero'),(14428,25,'Riner'),(14429,31,'Odieta'),(14430,34,'Valbuena de Pisuerga'),(14431,37,'Mata de Ledesma, La'),(14432,40,'Santa Marta del Cerro'),(14433,45,'Villa de Don Fadrique, La'),(14434,46,'Paiporta'),(14435,47,'Valladolid'),(14436,49,'San Cebrián de Castro'),(14437,50,'Navardún'),(14438,5,'Piedralaves'),(14439,8,'Sabadell'),(14440,10,'Torre de Don Miguel'),(14441,16,'Salinas del Manzano'),(14442,17,'Saus,  Camallera i Llampaies'),(14443,18,'Villanueva de las Torres'),(14444,19,'Miralrío'),(14445,22,'Puebla de Castro, La'),(14446,24,'Valdevimbre'),(14447,31,'Oitz'),(14448,37,'Matilla de los Caños del Río'),(14449,42,'Torrubia de Soria'),(14450,44,'Portellada, La'),(14451,45,'Villafranca de los Caballeros'),(14452,46,'Palma de Gandía'),(14453,47,'Vega de Ruiponce'),(14454,49,'San Cristóbal de Entreviñas'),(14455,50,'Nigüella'),(14456,5,'Poveda'),(14457,8,'Sagàs'),(14458,10,'Torre de Santa María'),(14459,16,'Salmeroncillos'),(14460,17,'Selva de Mar, La'),(14461,18,'Villanueva Mesía'),(14462,19,'Mochales'),(14463,22,'Puente de Montañana'),(14464,24,'Valencia de Don Juan'),(14465,31,'Olaibar'),(14466,37,'Maya, La'),(14467,40,'Santiuste de Pedraza'),(14468,42,'Trévago'),(14469,45,'Villaluenga de la Sagra'),(14470,46,'Palmera'),(14471,47,'Vega de Valdetronco'),(14472,49,'San Esteban del Molar'),(14473,50,'Nombrevilla'),(14474,5,'Poyales del Hoyo'),(14475,8,'Sant Pere Sallavinera'),(14476,9,'Junta de Traslaloma'),(14477,10,'Torrejoncillo'),(14478,16,'Salvacañete'),(14479,17,'Cellera de Ter, La'),(14480,18,'Víznar'),(14481,19,'Mohernando'),(14482,22,'Puértolas'),(14483,24,'Valverde de la Virgen'),(14484,25,'Rosselló'),(14485,31,'Olazti/Olazagutía'),(14486,34,'Valdeolmillos'),(14487,37,'Membribe de la Sierra'),(14488,40,'Santiuste de San Juan Bautista'),(14489,42,'Ucero'),(14490,44,'Pozondón'),(14491,45,'Villamiel de Toledo'),(14492,46,'Palomar, el'),(14493,47,'Velascálvaro'),(14494,49,'San Justo'),(14495,50,'Nonaspe'),(14496,5,'Pozanco'),(14497,8,'Saldes'),(14498,9,'Junta de Villalba de Losa'),(14499,10,'Torrejón el Rubio'),(14500,16,'San Clemente'),(14501,17,'Serinyà'),(14502,19,'Molina de Aragón'),(14503,22,'Pueyo de Araguás, El'),(14504,24,'Valverde-Enrique'),(14505,25,'Salàs de Pallars'),(14506,31,'Olejua'),(14507,34,'Valderrábano'),(14508,37,'Mieza'),(14509,40,'Santo Domingo de Pirón'),(14510,42,'Vadillo'),(14511,44,'Pozuel del Campo'),(14512,45,'Villaminaya'),(14513,46,'Paterna'),(14514,47,'Velilla'),(14515,49,'San Martín de Valderaduey'),(14516,50,'Novallas'),(14517,5,'Pradosegar'),(14518,8,'Sallent'),(14519,9,'Jurisdicción de Lara'),(14520,10,'Torremenga'),(14521,16,'San Lorenzo de la Parrilla'),(14522,17,'Serra de Daró'),(14523,19,'Monasterio'),(14524,24,'Vallecillo'),(14525,25,'Sanaüja'),(14526,31,'Olite/Erriberri'),(14527,37,'Milano, El'),(14528,40,'Santo Tomé del Puerto'),(14529,42,'Valdeavellano de Tera'),(14530,44,'Puebla de Híjar, La'),(14531,45,'Villamuelas'),(14532,46,'Pedralba'),(14533,47,'Velliza'),(14534,49,'San Miguel de la Ribera'),(14535,50,'Novillas'),(14536,5,'Puerto Castilla'),(14537,8,'Santpedor'),(14538,9,'Jurisdicción de San Zadornil'),(14539,10,'Torremocha'),(14540,16,'San Martín de Boniches'),(14541,17,'Setcases'),(14542,18,'Zafarraya'),(14543,19,'Mondéjar'),(14544,25,'Sant Guim de Freixenet'),(14545,31,'Olóriz/Oloritz'),(14546,34,'Valde-Ucieza'),(14547,37,'Miranda de Azán'),(14548,40,'Sauquillo de Cabezas'),(14549,42,'Valdegeña'),(14550,44,'Puebla de Valverde, La'),(14551,45,'Villanueva de Alcardete'),(14552,46,'Petrés'),(14553,47,'Ventosa de la Cuesta'),(14554,49,'San Miguel del Valle'),(14555,50,'Nuévalos'),(14556,5,'Rasueros'),(14557,8,'Sant Iscle de Vallalta'),(14558,10,'Torreorgaz'),(14559,16,'San Pedro Palmiches'),(14560,17,'Sils'),(14561,18,'Zubia, La'),(14562,19,'Montarrón'),(14563,22,'Pueyo de Santa Cruz'),(14564,24,'Vecilla, La'),(14565,25,'Sant Llorenç de Morunys'),(14566,31,'Cendea de Olza/Oltza Zendea'),(14567,37,'Miranda del Castañar'),(14568,40,'Sebúlcor'),(14569,42,'Valdelagua del Cerro'),(14570,44,'Puertomingalvo'),(14571,45,'Villanueva de Bogas'),(14572,46,'Picanya'),(14573,47,'Viana de Cega'),(14574,49,'San Pedro de Ceque'),(14575,50,'Nuez de Ebro'),(14576,5,'Riocabado'),(14577,8,'Sant Adrià de Besòs'),(14578,9,'Lerma'),(14579,10,'Torrequemada'),(14580,16,'Santa Cruz de Moya'),(14581,17,'Susqueda'),(14582,18,'Zújar'),(14583,19,'Moratilla de los Meleros'),(14584,24,'Vegacervera'),(14585,25,'Sant Ramon'),(14586,31,'Ollo'),(14587,37,'Mogarraz'),(14588,40,'Segovia'),(14589,42,'Valdemaluque'),(14590,44,'Ráfales'),(14591,45,'Villarejo de Montalbán'),(14592,46,'Picassent'),(14593,47,'Viloria'),(14594,49,'San Pedro de la Nave-Almendra'),(14595,50,'Olvés'),(14596,5,'Riofrío'),(14597,8,'Sant Agustí de Lluçanès'),(14598,9,'Llano de Bureba'),(14599,10,'Trujillo'),(14600,16,'Santa María del Campo Rus'),(14601,17,'Tallada d\'Empordà, La'),(14602,19,'Morenilla'),(14603,22,'Quicena'),(14604,31,'Orbaizeta'),(14605,37,'Molinillo'),(14606,40,'Sepúlveda'),(14607,42,'Valdenebro'),(14608,44,'Rillo'),(14609,45,'Villarrubia de Santiago'),(14610,46,'Piles'),(14611,47,'Villabáñez'),(14612,50,'Orcajo'),(14613,5,'Rivilla de Barajas'),(14614,8,'Sant Andreu de la Barca'),(14615,9,'Madrigal del Monte'),(14616,10,'Valdastillas'),(14617,16,'Santa María de los Llanos'),(14618,17,'Terrades'),(14619,19,'Muduex'),(14620,24,'Vega de Espinareda'),(14621,25,'Sant Esteve de la Sarga'),(14622,31,'Orbara'),(14623,34,'Valle de Cerrato'),(14624,37,'Monforte de la Sierra'),(14625,40,'Sequera de Fresno'),(14626,42,'Valdeprado'),(14627,44,'Riodeva'),(14628,45,'Villaseca de la Sagra'),(14629,46,'Pinet'),(14630,47,'Villabaruz de Campos'),(14631,50,'Orera'),(14632,5,'Salobral'),(14633,8,'Sant Andreu de Llavaneres'),(14634,9,'Madrigalejo del Monte'),(14635,10,'Valdecañas de Tajo'),(14636,16,'Santa María del Val'),(14637,17,'Torrent'),(14638,19,'Navas de Jadraque, Las'),(14639,22,'Robres'),(14640,24,'Vega de Infanzones'),(14641,25,'Sant Guim de la Plana'),(14642,31,'Orísoain'),(14643,37,'Monleón'),(14644,42,'Valderrodilla'),(14645,44,'Ródenas'),(14646,45,'Villasequilla'),(14647,46,'Polinyà de Xúquer'),(14648,47,'Villabrágima'),(14649,49,'Santa Clara de Avedillo'),(14650,50,'Orés'),(14651,5,'Salvadiós'),(14652,8,'Sant Antoni de Vilamajor'),(14653,9,'Mahamud'),(14654,10,'Valdefuentes'),(14655,16,'Sisante'),(14656,17,'Torroella de Fluvià'),(14657,19,'Negredo'),(14658,24,'Vega de Valcarce'),(14659,31,'Oronz/Orontze'),(14660,37,'Monleras'),(14661,40,'Sotillo'),(14662,42,'Valtajeros'),(14663,44,'Royuela'),(14664,45,'Villatobas'),(14665,46,'Potríes'),(14666,47,'Villacarralón'),(14667,50,'Oseja'),(14668,5,'San Bartolomé de Béjar'),(14669,8,'Sant Bartomeu del Grau'),(14670,9,'Mambrilla de Castrejón'),(14671,10,'Valdehúncar'),(14672,16,'Solera de Gabaldón'),(14673,17,'Torroella de Montgrí'),(14674,19,'Ocentejo'),(14675,22,'Sabiñánigo'),(14676,24,'Vegaquemada'),(14677,31,'Oroz-Betelu/Orotz-Betelu'),(14678,34,'Velilla del Río Carrión'),(14679,37,'Monsagro'),(14680,40,'Sotosalbos'),(14681,44,'Rubiales'),(14682,45,'Viso de San Juan, El'),(14683,46,'Pobla de Farnals, la'),(14684,47,'Villacid de Campos'),(14685,49,'Santa Colomba de las Monjas'),(14686,50,'Osera de Ebro'),(14687,5,'San Bartolomé de Corneja'),(14688,8,'Sant Boi de Llobregat'),(14689,9,'Mambrillas de Lara'),(14690,10,'Valdelacasa de Tajo'),(14691,17,'Tortellà'),(14692,19,'Olivar, El'),(14693,22,'Sahún'),(14694,25,'Sarroca de Lleida'),(14695,31,'Oteiza'),(14696,37,'Montejo'),(14697,40,'Tabanera la Luenga'),(14698,42,'Velamazán'),(14699,44,'Rubielos de la Cérida'),(14700,45,'Yébenes, Los'),(14701,46,'Pobla del Duc, la'),(14702,47,'Villaco'),(14703,49,'Santa Cristina de la Polvorosa'),(14704,50,'Paniza'),(14705,5,'San Bartolomé de Pinares'),(14706,8,'Sant Boi de Lluçanès'),(14707,9,'Mamolar'),(14708,10,'Valdemorales'),(14709,17,'Toses'),(14710,19,'Olmeda de Cobeta'),(14711,22,'Salas Altas'),(14712,24,'Vegas del Condado'),(14713,25,'Sarroca de Bellera'),(14714,31,'Pamplona/Iruña'),(14715,34,'Vertavillo'),(14716,37,'Montemayor del Río'),(14717,40,'Tolocirio'),(14718,42,'Velilla de la Sierra'),(14719,44,'Rubielos de Mora'),(14720,45,'Yeles'),(14721,46,'Puebla de San Miguel'),(14722,49,'Santa Croya de Tera'),(14723,50,'Paracuellos de Jiloca'),(14724,8,'Sant Celoni'),(14725,9,'Manciles'),(14726,10,'Valdeobispo'),(14727,16,'Talayuelas'),(14728,17,'Tossa de Mar'),(14729,19,'Olmeda de Jadraque, La'),(14730,22,'Salas Bajas'),(14731,24,'Villablino'),(14732,25,'Senterada'),(14733,31,'Peralta/Azkoien'),(14734,34,'Villabasta de Valdavia'),(14735,37,'Monterrubio de Armuña'),(14736,40,'Torreadrada'),(14737,42,'Velilla de los Ajos'),(14738,45,'Yepes'),(14739,46,'Pobla de Vallbona, la'),(14740,49,'Santa Eufemia del Barco'),(14741,50,'Paracuellos de la Ribera'),(14742,8,'Sant Cebrià de Vallalta'),(14743,10,'Valencia de Alcántara'),(14744,16,'Tarancón'),(14745,17,'Ultramort'),(14746,19,'Ordial, El'),(14747,22,'Salillas'),(14748,24,'Villabraz'),(14749,25,'Seu d\'Urgell, La'),(14750,31,'Petilla de Aragón'),(14751,37,'Monterrubio de la Sierra'),(14752,40,'Torrecaballeros'),(14753,44,'Salcedillo'),(14754,45,'Yuncler'),(14755,46,'Pobla Llarga, la'),(14756,47,'Villafrades de Campos'),(14757,49,'Santa María de la Vega'),(14758,50,'Pastriz'),(14759,5,'Sanchidrián'),(14760,8,'Sant Climent de Llobregat'),(14761,10,'Valverde de la Vera'),(14762,16,'Tébar'),(14763,17,'Ullà'),(14764,19,'Orea'),(14765,22,'Sallent de Gállego'),(14766,25,'Seròs'),(14767,31,'Piedramillera'),(14768,34,'Villacidaler'),(14769,37,'Morasverdes'),(14770,40,'Torrecilla del Pinar'),(14771,42,'Viana de Duero'),(14772,44,'Saldón'),(14773,45,'Yunclillos'),(14774,46,'Puig'),(14775,47,'Villafranca de Duero'),(14776,49,'Santa María de Valverde'),(14777,50,'Pedrola'),(14778,5,'Sanchorreja'),(14779,8,'Sant Cugat del Vallès'),(14780,10,'Valverde del Fresno'),(14781,16,'Tejadillos'),(14782,17,'Ullastret'),(14783,22,'San Esteban de Litera'),(14784,24,'Villadangos del Páramo'),(14785,25,'Sidamon'),(14786,31,'Pitillas'),(14787,34,'Villaconancio'),(14788,37,'Morille'),(14789,40,'Torreiglesias'),(14790,42,'Villaciervos'),(14791,44,'Samper de Calanda'),(14792,45,'Yuncos'),(14793,46,'Puçol'),(14794,47,'Villafrechós'),(14795,49,'Santibáñez de Tera'),(14796,50,'Pedrosas, Las'),(14797,5,'San Esteban de los Patos'),(14798,8,'Sant Cugat Sesgarrigues'),(14799,9,'Mazuela'),(14800,10,'Viandar de la Vera'),(14801,16,'Tinajas'),(14802,17,'Urús'),(14803,22,'Sangarrén'),(14804,24,'Toral de los Vados'),(14805,25,'Soleràs, El'),(14806,31,'Puente la Reina/Gares'),(14807,34,'Villada'),(14808,37,'Moríñigo'),(14809,40,'Torre Val de San Pedro'),(14810,42,'Villanueva de Gormaz'),(14811,44,'San Agustín'),(14812,46,'Quesa'),(14813,47,'Villafuerte'),(14814,49,'Santibáñez de Vidriales'),(14815,50,'Perdiguera'),(14816,5,'San Esteban del Valle'),(14817,8,'Sant Esteve de Palautordera'),(14818,10,'Villa del Campo'),(14819,17,'Vall d\'en Bas, La'),(14820,22,'San Juan de Plan'),(14821,24,'Villademor de la Vega'),(14822,25,'Solsona'),(14823,31,'Pueyo'),(14824,37,'Moriscos'),(14825,40,'Trescasas'),(14826,42,'Villar del Ala'),(14827,44,'San Martín del Río'),(14828,46,'Rafelbuñol/Rafelbunyol'),(14829,47,'Villagarcía de Campos'),(14830,49,'Santovenia'),(14831,50,'Piedratajada'),(14832,5,'San Esteban de Zapardiel'),(14833,8,'Sant Esteve Sesrovires'),(14834,9,'Mecerreyes'),(14835,10,'Villa del Rey'),(14836,17,'Vall de Bianya, La'),(14837,19,'Pálmaces de Jadraque'),(14838,22,'Santa Cilia'),(14839,25,'Soriguera'),(14840,31,'Ribaforada'),(14841,34,'Villaeles de Valdavia'),(14842,37,'Moronta'),(14843,40,'Turégano'),(14844,42,'Villar del Campo'),(14845,44,'Santa Cruz de Nogueras'),(14846,46,'Rafelcofer'),(14847,47,'Villagómez la Nueva'),(14848,49,'San Vicente de la Cabeza'),(14849,50,'Pina de Ebro'),(14850,5,'San García de Ingelmos'),(14851,8,'Sant Fost de Campsentelles'),(14852,9,'Medina de Pomar'),(14853,10,'Villamesías'),(14854,16,'Torralba'),(14855,17,'Vall-llobrega'),(14856,19,'Pardos'),(14857,22,'Santa Cruz de la Serós'),(14858,24,'Villafranca del Bierzo'),(14859,25,'Sort'),(14860,31,'Romanzado'),(14861,37,'Mozárbez'),(14862,42,'Villar del Río'),(14863,44,'Santa Eulalia'),(14864,46,'Rafelguaraf'),(14865,47,'Villalán de Campos'),(14866,49,'San Vitero'),(14867,50,'Pinseque'),(14868,5,'San Juan de la Encinilla'),(14869,8,'Sant Feliu de Codines'),(14870,10,'Villamiel'),(14871,17,'Ventalló'),(14872,19,'Paredes de Sigüenza'),(14873,24,'Villagatón'),(14874,25,'Soses'),(14875,31,'Roncal/Erronkari'),(14876,34,'Villahán'),(14877,40,'Urueñas'),(14878,44,'Sarrión'),(14879,46,'Ráfol de Salem'),(14880,47,'Villalar de los Comuneros'),(14881,49,'Sanzoles'),(14882,50,'Pintanos, Los'),(14883,5,'San Juan de la Nava'),(14884,8,'Sant Feliu de Llobregat'),(14885,9,'Melgar de Fernamental'),(14886,10,'Villanueva de la Sierra'),(14887,16,'Torrejoncillo del Rey'),(14888,17,'Verges'),(14889,19,'Pareja'),(14890,24,'Villamandos'),(14891,25,'Sudanell'),(14892,31,'Orreaga/Roncesvalles'),(14893,34,'Villaherreros'),(14894,37,'Narros de Matalayegua'),(14895,40,'Valdeprados'),(14896,42,'Villares de Soria, Los'),(14897,44,'Segura de los Baños'),(14898,46,'Real de Gandía'),(14899,47,'Villalba de la Loma'),(14900,50,'Plasencia de Jalón'),(14901,5,'San Juan del Molinillo'),(14902,8,'Sant Feliu Sasserra'),(14903,10,'Villanueva de la Vera'),(14904,16,'Torrubia del Campo'),(14905,17,'Vidrà'),(14906,19,'Pastrana'),(14907,22,'Santaliestra y San Quílez'),(14908,24,'Villamañán'),(14909,25,'Sunyer'),(14910,31,'Sada'),(14911,37,'Navacarros'),(14912,40,'Valdevacas de Montejo'),(14913,42,'Villasayas'),(14914,44,'Seno'),(14915,46,'Real'),(14916,47,'Villalba de los Alcores'),(14917,50,'Pleitas'),(14918,5,'San Juan del Olmo'),(14919,8,'Sant Fruitós de Bages'),(14920,9,'Merindad de Cuesta-Urria'),(14921,10,'Villar del Pedroso'),(14922,16,'Torrubia del Castillo'),(14923,17,'Vidreres'),(14924,19,'Pedregal, El'),(14925,22,'Sariñena'),(14926,24,'Villamartín de Don Sancho'),(14927,31,'Saldías'),(14928,34,'Villalaco'),(14929,37,'Nava de Béjar'),(14930,40,'Valdevacas y Guijar'),(14931,42,'Villaseca de Arciel'),(14932,44,'Singra'),(14933,46,'Requena'),(14934,47,'Villalbarba'),(14935,50,'Plenas'),(14936,5,'San Lorenzo de Tormes'),(14937,8,'Vilassar de Dalt'),(14938,9,'Merindad de Montija'),(14939,10,'Villar de Plasencia'),(14940,17,'Vilabertran'),(14941,19,'Peñalén'),(14942,22,'Secastilla'),(14943,24,'Villamejil'),(14944,31,'Salinas de Oro/Jaitz'),(14945,34,'Villalba de Guardo'),(14946,37,'Nava de Francia'),(14947,40,'Valseca'),(14948,46,'Riba-roja de Túria'),(14949,47,'Villalón de Campos'),(14950,49,'Tábara'),(14951,50,'Pomer'),(14952,5,'San Martín de la Vega del Alberche'),(14953,8,'Sant Hipòlit de Voltregà'),(14954,9,'Merindad de Sotoscueva'),(14955,10,'Villasbuenas de Gata'),(14956,16,'Tragacete'),(14957,17,'Vilablareix'),(14958,19,'Peñalver'),(14959,22,'Seira'),(14960,24,'Villamol'),(14961,25,'Talarn'),(14962,31,'San Adrián'),(14963,34,'Villalcázar de Sirga'),(14964,37,'Nava de Sotrobal'),(14965,40,'Valtiendas'),(14966,42,'Vinuesa'),(14967,44,'Terriente'),(14968,46,'Riola'),(14969,47,'Villamuriel de Campos'),(14970,50,'Pozuel de Ariza'),(14971,5,'San Martín del Pimpollar'),(14972,8,'Sant Jaume de Frontanyà'),(14973,9,'Merindad de Valdeporres'),(14974,10,'Zarza de Granadilla'),(14975,16,'Tresjuncos'),(14976,17,'Viladasens'),(14977,19,'Peralejos de las Truchas'),(14978,24,'Villamontán de la Valduerna'),(14979,25,'Talavera'),(14980,31,'Sangüesa/Zangoza'),(14981,34,'Villalcón'),(14982,37,'Navales'),(14983,40,'Valverde del Majano'),(14984,42,'Vizmanos'),(14985,44,'Teruel'),(14986,46,'Rocafort'),(14987,47,'Villán de Tordesillas'),(14988,49,'Tapioles'),(14989,50,'Pozuelo de Aragón'),(14990,5,'San Miguel de Corneja'),(14991,8,'Sant Joan Despí'),(14992,9,'Merindad de Valdivielso'),(14993,10,'Zarza de Montánchez'),(14994,16,'Tribaldos'),(14995,17,'Viladamat'),(14996,19,'Peralveche'),(14997,22,'Sena'),(14998,24,'Villamoratiel de las Matas'),(14999,25,'Tàrrega'),(15000,31,'San Martín de Unx'),(15001,34,'Villalobón'),(15002,37,'Navalmoral de Béjar'),(15003,42,'Vozmediano'),(15004,44,'Toril y Masegoso'),(15005,46,'Rotglà i Corberà'),(15006,47,'Villanubla'),(15007,50,'Pradilla de Ebro'),(15008,5,'San Miguel de Serrezuela'),(15009,8,'Sant Joan de Vilatorrada'),(15010,9,'Milagros'),(15011,10,'Zarza la Mayor'),(15012,16,'Uclés'),(15013,17,'Vilademuls'),(15014,19,'Pinilla de Jadraque'),(15015,22,'Senés de Alcubierre'),(15016,24,'Villanueva de las Manzanas'),(15017,25,'Tarrés'),(15018,34,'Villaluenga de la Vega'),(15019,37,'Navamorales'),(15020,40,'Valle de Tabladillo'),(15021,42,'Yanguas'),(15022,44,'Tormón'),(15023,46,'Rótova'),(15024,47,'Villanueva de Duero'),(15025,50,'Puebla de Albortón'),(15026,5,'San Pascual'),(15027,8,'Vilassar de Mar'),(15028,9,'Miranda de Ebro'),(15029,10,'Zorita'),(15030,16,'Uña'),(15031,19,'Pinilla de Molina'),(15032,24,'Villaobispo de Otero'),(15033,25,'Tarroja de Segarra'),(15034,31,'Sansol'),(15035,37,'Navarredonda de la Rinconada'),(15036,40,'Vallelado'),(15037,42,'Yelo'),(15038,44,'Tornos'),(15039,46,'Rugat'),(15040,47,'Villanueva de la Condesa'),(15041,49,'Toro'),(15042,50,'Puebla de Alfindén, La'),(15043,5,'San Pedro del Arroyo'),(15044,8,'Sant Julià de Vilatorta'),(15045,9,'Miraveche'),(15046,17,'Viladrau'),(15047,19,'Pioz'),(15048,22,'Sesa'),(15049,25,'Térmens'),(15050,31,'Santacara'),(15051,34,'Villamartín de Campos'),(15052,40,'Valleruela de Pedraza'),(15053,44,'Torralba de los Sisones'),(15054,46,'Sagunto/Sagunt'),(15055,47,'Villanueva de los Caballeros'),(15056,49,'Torre del Valle, La'),(15057,50,'Puendeluna'),(15058,5,'Santa Cruz del Valle'),(15059,8,'Sant Just Desvern'),(15060,9,'Modúbar de la Emparedada'),(15061,17,'Vilafant'),(15062,19,'Piqueras'),(15063,22,'Sesué'),(15064,24,'Villaquejida'),(15065,25,'Tírvia'),(15066,31,'Doneztebe/Santesteban'),(15067,34,'Villamediana'),(15068,37,'Navasfrías'),(15069,40,'Valleruela de Sepúlveda'),(15070,44,'Torrecilla de Alcañiz'),(15071,46,'Salem'),(15072,47,'Villanueva de los Infantes'),(15073,49,'Torregamones'),(15074,50,'Purujosa'),(15075,5,'Santa Cruz de Pinares'),(15076,8,'Sant Llorenç d\'Hortons'),(15077,17,'Vilaür'),(15078,19,'Pobo de Dueñas, El'),(15079,22,'Siétamo'),(15080,24,'Villaquilambre'),(15081,25,'Tiurana'),(15082,31,'Sarriés/Sartze'),(15083,34,'Villameriel'),(15084,37,'Negrilla de Palencia'),(15085,40,'Veganzones'),(15086,44,'Torrecilla del Rebollar'),(15087,46,'Sant Joanet'),(15088,47,'Villanueva de San Mancio'),(15089,49,'Torres del Carrizal'),(15090,50,'Quinto'),(15091,8,'Sant Llorenç Savall'),(15092,9,'Monasterio de la Sierra'),(15093,17,'Vilajuïga'),(15094,19,'Poveda de la Sierra'),(15095,22,'Sopeira'),(15096,24,'Villarejo de Órbigo'),(15097,25,'Torà'),(15098,31,'Sartaguda'),(15099,34,'Villamoronta'),(15100,37,'Olmedo de Camaces'),(15101,40,'Vegas de Matute'),(15102,44,'Torre de Arcas'),(15103,46,'Sedaví'),(15104,47,'Villardefrades'),(15105,49,'Trabazos'),(15106,50,'Remolinos'),(15107,5,'Santa María del Arroyo'),(15108,8,'Sant Martí de Centelles'),(15109,9,'Monasterio de Rodilla'),(15110,16,'Valdemeca'),(15111,17,'Vilallonga de Ter'),(15112,19,'Pozo de Almoguera'),(15113,24,'Villares de Órbigo'),(15114,25,'Torms, Els'),(15115,31,'Sesma'),(15116,34,'Villamuera de la Cueza'),(15117,37,'Orbada, La'),(15118,40,'Ventosilla y Tejadilla'),(15119,44,'Torre de las Arcas'),(15120,46,'Segart'),(15121,47,'Villarmentero de Esgueva'),(15122,49,'Trefacio'),(15123,50,'Retascón'),(15124,5,'Santa María del Berrocal'),(15125,8,'Sant Martí d\'Albars'),(15126,9,'Moncalvillo'),(15127,16,'Valdemorillo de la Sierra'),(15128,17,'Vilamacolum'),(15129,19,'Pozo de Guadalajara'),(15130,22,'Tamarite de Litera'),(15131,24,'Villasabariego'),(15132,25,'Tornabous'),(15133,31,'Sorlada'),(15134,34,'Villamuriel de Cerrato'),(15135,37,'Pajares de la Laguna'),(15136,40,'Villacastín'),(15137,44,'Torre del Compte'),(15138,46,'Sellent'),(15139,47,'Villasexmir'),(15140,49,'Uña de Quintana'),(15141,50,'Ricla'),(15142,5,'Santa María de los Caballeros'),(15143,8,'Sant Martí de Tous'),(15144,9,'Monterrubio de la Demanda'),(15145,17,'Vilamalla'),(15146,19,'Prádena de Atienza'),(15147,22,'Tardienta'),(15148,24,'Villaselán'),(15149,25,'Torrebesses'),(15150,31,'Sunbilla'),(15151,37,'Palacios del Arzobispo'),(15152,44,'Torrelacárcel'),(15153,46,'Sempere'),(15154,47,'Villavaquerín'),(15155,49,'Vadillo de la Guareña'),(15156,5,'Santa María del Tiétar'),(15157,8,'Sant Martí Sarroca'),(15158,9,'Montorio'),(15159,16,'Valdemoro-Sierra'),(15160,17,'Vilamaniscle'),(15161,19,'Prados Redondos'),(15162,22,'Tella-Sin'),(15163,24,'Villaturiel'),(15164,25,'Torre de Cabdella, La'),(15165,31,'Tafalla'),(15166,34,'Villanueva del Rebollar'),(15167,44,'Torre los Negros'),(15168,46,'Senyera'),(15169,47,'Villavellid'),(15170,49,'Valcabado'),(15171,50,'Romanos'),(15172,5,'Santiago del Collado'),(15173,8,'Sant Martí Sesgueioles'),(15174,9,'Moradillo de Roa'),(15175,16,'Valdeolivas'),(15176,17,'Vilanant'),(15177,19,'Puebla de Beleña'),(15178,22,'Tierz'),(15179,24,'Villazala'),(15180,25,'Torrefarrera'),(15181,31,'Tiebas-Muruarte de Reta'),(15182,34,'Villanuño de Valdavia'),(15183,37,'Palaciosrubios'),(15184,40,'Villaverde de Íscar'),(15185,44,'Torremocha de Jiloca'),(15186,46,'Serra'),(15187,47,'Villaverde de Medina'),(15188,49,'Valdefinjas'),(15189,50,'Rueda de Jalón'),(15190,5,'Santo Domingo de las Posadas'),(15191,8,'Sant Mateu de Bages'),(15192,9,'Nava de Roa'),(15193,19,'Puebla de Valles'),(15194,22,'Tolva'),(15195,24,'Villazanzo de Valderaduey'),(15196,31,'Tirapu'),(15197,34,'Villaprovedo'),(15198,37,'Palencia de Negrilla'),(15199,40,'Villaverde de Montejo'),(15200,44,'Torres de Albarracín'),(15201,46,'Siete Aguas'),(15202,47,'Villavicencio de los Caballeros'),(15203,49,'Valdescorriel'),(15204,50,'Ruesca'),(15205,5,'Santo Tomé de Zabarcos'),(15206,8,'Premià de Dalt'),(15207,9,'Navas de Bureba'),(15208,17,'Vila-sacra'),(15209,19,'Quer'),(15210,22,'Torla'),(15211,24,'Zotes del Páramo'),(15212,25,'Torregrossa'),(15213,31,'Torralba del Río'),(15214,34,'Villarmentero de Campos'),(15215,37,'Parada de Arriba'),(15216,40,'Villeguillo'),(15217,44,'Torrevelilla'),(15218,46,'Silla'),(15219,47,'Wamba'),(15220,49,'Vallesa de la Guareña'),(15221,50,'Sádaba'),(15222,5,'San Vicente de Arévalo'),(15223,8,'Sant Pere de Ribes'),(15224,9,'Nebreda'),(15225,16,'Valhermoso de la Fuente'),(15226,19,'Rebollosa de Jadraque'),(15227,25,'Torrelameu'),(15228,31,'Torres del Río'),(15229,34,'Villarrabé'),(15230,37,'Parada de Rubiales'),(15231,40,'Yanguas de Eresma'),(15232,44,'Torrijas'),(15233,46,'Simat de la Valldigna'),(15234,47,'Zaratán'),(15235,49,'Vega de Tera'),(15236,50,'Salillas de Jalón'),(15237,5,'Serrada, La'),(15238,8,'Sant Pere de Riudebitlles'),(15239,9,'Neila'),(15240,17,'Vilopriu'),(15241,19,'Recuenco, El'),(15242,22,'Torralba de Aragón'),(15243,25,'Torres de Segre'),(15244,31,'Tudela'),(15245,34,'Villarramiel'),(15246,37,'Paradinas de San Juan'),(15247,44,'Torrijo del Campo'),(15248,46,'Sinarcas'),(15249,47,'Zarza, La'),(15250,49,'Vega de Villalobos'),(15251,50,'Salvatierra de Esca'),(15252,5,'Serranillos'),(15253,8,'Sant Pere de Torelló'),(15254,17,'Vilobí d\'Onyar'),(15255,19,'Renera'),(15256,22,'Torre la Ribera'),(15257,25,'Torre-serona'),(15258,31,'Tulebras'),(15259,34,'Villasarracino'),(15260,37,'Pastores'),(15261,40,'Zarzuela del Monte'),(15262,46,'Sollana'),(15263,49,'Vegalatrave'),(15264,50,'Samper del Salz'),(15265,5,'Sigeres'),(15266,8,'Sant Pere de Vilamajor'),(15267,16,'Valsalobre'),(15268,17,'Biure'),(15269,19,'Retiendas'),(15270,22,'Torrente de Cinca'),(15271,25,'Tremp'),(15272,31,'Ucar'),(15273,34,'Villasila de Valdavia'),(15274,37,'Payo, El'),(15275,40,'Zarzuela del Pinar'),(15276,44,'Tramacastiel'),(15277,46,'Sot de Chera'),(15278,49,'Venialbo'),(15279,50,'San Martín de la Virgen de Moncayo'),(15280,5,'Sinlabajos'),(15281,8,'Sant Pol de Mar'),(15282,9,'Olmedillo de Roa'),(15283,19,'Riba de Saelices'),(15284,22,'Torres de Alcanadre'),(15285,31,'Ujué'),(15286,37,'Pedraza de Alba'),(15287,44,'Tramacastilla'),(15288,46,'Sueca'),(15289,49,'Vezdemarbán'),(15290,50,'San Mateo de Gállego'),(15291,5,'Solana de Ávila'),(15292,8,'Sant Quintí de Mediona'),(15293,9,'Olmillos de Muñó'),(15294,16,'Valverde de Júcar'),(15295,22,'Torres de Barbués'),(15296,31,'Ultzama'),(15297,34,'Villaturde'),(15298,37,'Pedrosillo de Alba'),(15299,44,'Tronchón'),(15300,46,'Sumacàrcer'),(15301,49,'Vidayanes'),(15302,50,'Santa Cruz de Grío'),(15303,5,'Solana de Rioalmar'),(15304,8,'Sant Quirze de Besora'),(15305,16,'Valverdejo'),(15306,19,'Rillo de Gallo'),(15307,31,'Unciti'),(15308,34,'Villaumbrales'),(15309,37,'Pedrosillo de los Aires'),(15310,44,'Urrea de Gaén'),(15311,46,'Tavernes Blanques'),(15312,49,'Videmala'),(15313,50,'Santa Cruz de Moncayo'),(15314,5,'Solosancho'),(15315,8,'Sant Quirze del Vallès'),(15316,9,'Oña'),(15317,16,'Vara de Rey'),(15318,19,'Riofrío del Llano'),(15319,25,'Vallbona de les Monges'),(15320,31,'Unzué/Untzue'),(15321,34,'Villaviudas'),(15322,37,'Pedrosillo el Ralo'),(15323,44,'Utrillas'),(15324,46,'Tavernes de la Valldigna'),(15325,49,'Villabrázaro'),(15326,50,'Santa Eulalia de Gállego'),(15327,5,'Sotalbo'),(15328,8,'Sant Quirze Safaja'),(15329,9,'Oquillas'),(15330,16,'Vega del Codorno'),(15331,19,'Robledillo de Mohernando'),(15332,22,'Tramaced'),(15333,25,'Valls de Valira, Les'),(15334,31,'Urdazubi/Urdax'),(15335,37,'Pedroso de la Armuña, El'),(15336,44,'Valacloche'),(15337,46,'Teresa de Cofrentes'),(15338,49,'Villabuena del Puente'),(15339,50,'Santed'),(15340,5,'Sotillo de la Adrada'),(15341,8,'Sant Sadurní d\'Anoia'),(15342,16,'Vellisca'),(15343,19,'Robledo de Corpes'),(15344,25,'Vallfogona de Balaguer'),(15345,31,'Urdiain'),(15346,34,'Villerías de Campos'),(15347,37,'Pelabravo'),(15348,44,'Valbona'),(15349,46,'Terrateig'),(15350,49,'Villadepera'),(15351,50,'Sástago'),(15352,5,'Tiemblo, El'),(15353,8,'Sant Sadurní d\'Osormort'),(15354,9,'Orbaneja Riopico'),(15355,19,'Romanillos de Atienza'),(15356,31,'Urraul Alto'),(15357,34,'Villodre'),(15358,37,'Pelarrodríguez'),(15359,44,'Valdealgorfa'),(15360,46,'Titaguas'),(15361,49,'Villaescusa'),(15362,50,'Sabiñán'),(15363,5,'Tiñosillos'),(15364,8,'Marganell'),(15365,9,'Padilla de Abajo'),(15366,16,'Villaconejos de Trabaque'),(15367,19,'Romanones'),(15368,22,'Valfarta'),(15369,25,'Verdú'),(15370,31,'Urraul Bajo'),(15371,34,'Villodrigo'),(15372,37,'Pelayos'),(15373,46,'Torrebaja'),(15374,49,'Villafáfila'),(15375,50,'Sediles'),(15376,5,'Tolbaños'),(15377,8,'Santa Cecília de Voltregà'),(15378,9,'Padilla de Arriba'),(15379,16,'Villaescusa de Haro'),(15380,19,'Rueda de la Sierra'),(15381,22,'Valle de Bardají'),(15382,25,'Vielha e Mijaran'),(15383,31,'Urroz-Villa'),(15384,34,'Villoldo'),(15385,37,'Peña, La'),(15386,44,'Valdecuenca'),(15387,46,'Torrella'),(15388,49,'Villaferrueña'),(15389,50,'Sestrica'),(15390,5,'Tormellas'),(15391,8,'Santa Coloma de Cervelló'),(15392,9,'Padrones de Bureba'),(15393,16,'Villagarcía del Llano'),(15394,19,'Sacecorbo'),(15395,22,'Valle de Lierp'),(15396,25,'Vilagrassa'),(15397,31,'Urrotz'),(15398,37,'Peñacaballera'),(15399,44,'Valdelinares'),(15400,46,'Torrent'),(15401,49,'Villageriz'),(15402,50,'Sierra de Luna'),(15403,5,'Tornadizos de Ávila'),(15404,8,'Santa Coloma de Gramenet'),(15405,16,'Villalba de la Sierra'),(15406,19,'Sacedón'),(15407,22,'Velilla de Cinca'),(15408,25,'Vilaller'),(15409,31,'Urzainqui/Urzainki'),(15410,34,'Villota del Páramo'),(15411,37,'Peñaparda'),(15412,44,'Valdeltormo'),(15413,46,'Torres Torres'),(15414,49,'Villalazán'),(15415,50,'Sigüés'),(15416,5,'Tórtoles'),(15417,8,'Santa Eugènia de Berga'),(15418,9,'Palacios de la Sierra'),(15419,16,'Villalba del Rey'),(15420,19,'Saelices de la Sal'),(15421,22,'Beranuy'),(15422,31,'Uterga'),(15423,34,'Villovieco'),(15424,37,'Peñaranda de Bracamonte'),(15425,44,'Valderrobres'),(15426,46,'Tous'),(15427,49,'Villalba de la Lampreana'),(15428,50,'Sisamón'),(15429,5,'Torre, La'),(15430,8,'Santa Eulàlia de Riuprimer'),(15431,9,'Palacios de Riopisuerga'),(15432,16,'Villalgordo del Marquesado'),(15433,19,'Salmerón'),(15434,22,'Viacamp y Litera'),(15435,25,'Vilamòs'),(15436,31,'Uztárroz/Uztarroze'),(15437,37,'Peñarandilla'),(15438,44,'Valjunquera'),(15439,46,'Tuéjar'),(15440,49,'Villalcampo'),(15441,50,'Sobradiel'),(15442,8,'Santa Eulàlia de Ronçana'),(15443,9,'Palazuelos de la Sierra'),(15444,16,'Villalpardo'),(15445,19,'San Andrés del Congosto'),(15446,22,'Vicién'),(15447,25,'Vilanova de Bellpuig'),(15448,31,'Luzaide/Valcarlos'),(15449,37,'Peralejos de Abajo'),(15450,46,'Turís'),(15451,49,'Villalobos'),(15452,50,'Sos del Rey Católico'),(15453,5,'Umbrías'),(15454,8,'Santa Fe del Penedès'),(15455,9,'Palazuelos de Muñó'),(15456,16,'Villamayor de Santiago'),(15457,19,'San Andrés del Rey'),(15458,22,'Villanova'),(15459,25,'Vilanova de l\'Aguda'),(15460,31,'Valtierra'),(15461,37,'Peralejos de Arriba'),(15462,44,'Vallecillo, El'),(15463,46,'Utiel'),(15464,49,'Villalonso'),(15465,50,'Tabuenca'),(15466,8,'Santa Margarida de Montbui'),(15467,9,'Pampliega'),(15468,16,'Villanueva de Guadamejud'),(15469,19,'Santiuste'),(15470,22,'Villanúa'),(15471,25,'Vilanova de Meià'),(15472,31,'Bera'),(15473,37,'Pereña de la Ribera'),(15474,44,'Veguillas de la Sierra'),(15475,46,'Valencia'),(15476,49,'Villalpando'),(15477,50,'Talamantes'),(15478,5,'Vadillo de la Sierra'),(15479,8,'Santa Margarida i els Monjos'),(15480,9,'Pancorbo'),(15481,16,'Villanueva de la Jara'),(15482,19,'Saúca'),(15483,22,'Villanueva de Sigena'),(15484,25,'Vilanova de Segrià'),(15485,31,'Viana'),(15486,37,'Peromingo'),(15487,44,'Villafranca del Campo'),(15488,46,'Vallada'),(15489,49,'Villalube'),(15490,50,'Tarazona'),(15491,5,'Valdecasa'),(15492,8,'Barberà del Vallès'),(15493,19,'Sayatón'),(15494,22,'Yebra de Basa'),(15495,25,'Vila-sana'),(15496,31,'Vidángoz/Bidankoze'),(15497,37,'Pinedas'),(15498,44,'Villahermosa del Campo'),(15499,46,'Vallanca'),(15500,49,'Villamayor de Campos'),(15501,50,'Tauste'),(15502,5,'Vega de Santa María'),(15503,8,'Santa Maria de Besora'),(15504,9,'Pardilla'),(15505,16,'Villar de Cañas'),(15506,22,'Yésero'),(15507,25,'Vilosell, El'),(15508,31,'Bidaurreta'),(15509,37,'Pino de Tormes, El'),(15510,46,'Vallés'),(15511,50,'Terrer'),(15512,5,'Velayos'),(15513,8,'Santa Maria de Corcó'),(15514,16,'Villar de Domingo García'),(15515,19,'Selas'),(15516,22,'Zaidín'),(15517,25,'Vilanova de la Barca'),(15518,31,'Villafranca'),(15519,37,'Pitiegua'),(15520,46,'Venta del Moro'),(15521,50,'Tierga'),(15522,8,'Santa Maria de Merlès'),(15523,9,'Partido de la Sierra en Tobalina'),(15524,16,'Villar de la Encina'),(15525,19,'Setiles'),(15526,25,'Vinaixa'),(15527,31,'Villamayor de Monjardín'),(15528,37,'Pizarral'),(15529,46,'Villalonga'),(15530,49,'Villamor de los Escuderos'),(15531,50,'Tobed'),(15532,5,'Villaflor'),(15533,8,'Santa Maria de Martorelles'),(15534,9,'Pedrosa de Duero'),(15535,19,'Sienes'),(15536,31,'Hiriberri/Villanueva de Aezkoa'),(15537,37,'Poveda de las Cintas'),(15538,44,'Villanueva del Rebollar de la Sierra'),(15539,46,'Vilamarxant'),(15540,49,'Villanázar'),(15541,50,'Torralba de los Frailes'),(15542,5,'Villafranca de la Sierra'),(15543,8,'Santa Maria de Miralles'),(15544,9,'Pedrosa del Páramo'),(15545,19,'Sigüenza'),(15546,31,'Villatuerta'),(15547,37,'Pozos de Hinojo'),(15548,44,'Villar del Cobo'),(15549,46,'Villanueva de Castellón'),(15550,49,'Villanueva de Azoague'),(15551,50,'Torralba de Ribota'),(15552,5,'Villanueva de Gómez'),(15553,8,'Santa Maria d\'Oló'),(15554,9,'Pedrosa del Príncipe'),(15555,16,'Villar del Humo'),(15556,19,'Solanillos del Extremo'),(15557,31,'Villava/Atarrabia'),(15558,37,'Puebla de Azaba'),(15559,44,'Villar del Salz'),(15560,46,'Villar del Arzobispo'),(15561,49,'Villanueva de Campeán'),(15562,50,'Torralbilla'),(15563,5,'Villanueva del Aceral'),(15564,8,'Santa Maria de Palautordera'),(15565,9,'Pedrosa de Río Úrbel'),(15566,16,'Villar del Infantado'),(15567,19,'Somolinos'),(15568,31,'Igantzi'),(15569,37,'Puebla de San Medel'),(15570,46,'Villargordo del Cabriel'),(15571,49,'Villanueva de las Peras'),(15572,50,'Torrehermosa'),(15573,5,'Villanueva del Campillo'),(15574,8,'Santa Perpètua de Mogoda'),(15575,19,'Sotillo, El'),(15576,31,'Valle de Yerri/Deierri'),(15577,37,'Puebla de Yeltes'),(15578,44,'Villarluengo'),(15579,46,'Vinalesa'),(15580,49,'Villanueva del Campo'),(15581,50,'Torrelapaja'),(15582,5,'Villar de Corneja'),(15583,8,'Santa Susanna'),(15584,9,'Peñaranda de Duero'),(15585,19,'Sotodosos'),(15586,31,'Yesa'),(15587,37,'Puente del Congosto'),(15588,44,'Villarquemado'),(15589,46,'Yátova'),(15590,49,'Villaralbo'),(15591,50,'Torrellas'),(15592,5,'Villarejo del Valle'),(15593,8,'Sant Vicenç de Castellet'),(15594,9,'Peral de Arlanza'),(15595,19,'Tamajón'),(15596,31,'Zabalza/Zabaltza'),(15597,37,'Puertas'),(15598,44,'Villarroya de los Pinares'),(15599,46,'Yesa, La'),(15600,49,'Villardeciervos'),(15601,50,'Torres de Berrellén'),(15602,5,'Villatoro'),(15603,8,'Sant Vicenç dels Horts'),(15604,16,'Villar de Olalla'),(15605,19,'Taragudo'),(15606,31,'Zubieta'),(15607,37,'Puerto de Béjar'),(15608,44,'Villastar'),(15609,46,'Zarra'),(15610,49,'Villar de Fallaves'),(15611,50,'Torrijo de la Cañada'),(15612,5,'Viñegra de Moraña'),(15613,8,'Sant Vicenç de Montalt'),(15614,16,'Villarejo de Fuentes'),(15615,19,'Taravilla'),(15616,31,'Zugarramurdi'),(15617,37,'Puerto Seguro'),(15618,44,'Villel'),(15619,49,'Villar del Buey'),(15620,50,'Tosos'),(15621,5,'Vita'),(15622,8,'Sant Vicenç de Torelló'),(15623,9,'Piérnigas'),(15624,16,'Villarejo de la Peñuela'),(15625,19,'Tartanedo'),(15626,31,'Zúñiga'),(15627,37,'Rágama'),(15628,44,'Vinaceite'),(15629,49,'Villardiegua de la Ribera'),(15630,50,'Trasmoz'),(15631,5,'Zapardiel de la Cañada'),(15632,8,'Cerdanyola del Vallès'),(15633,9,'Pineda de la Sierra'),(15634,16,'Villarejo-Periesteban'),(15635,19,'Tendilla'),(15636,37,'Redonda, La'),(15637,44,'Visiedo'),(15638,49,'Villárdiga'),(15639,50,'Trasobares'),(15640,5,'Zapardiel de la Ribera'),(15641,8,'Sentmenat'),(15642,9,'Pineda Trasmonte'),(15643,19,'Terzaga'),(15644,37,'Retortillo'),(15645,44,'Vivel del Río Martín'),(15646,49,'Villardondiego'),(15647,50,'Uncastillo'),(15648,8,'Cercs'),(15649,9,'Pinilla de los Barruecos'),(15650,19,'Tierzo'),(15651,37,'Rinconada de la Sierra, La'),(15652,44,'Zoma, La'),(15653,49,'Villarrín de Campos'),(15654,50,'Undués de Lerda'),(15655,8,'Seva'),(15656,9,'Pinilla de los Moros'),(15657,16,'Villares del Saz'),(15658,19,'Toba, La'),(15659,37,'Robleda'),(15660,49,'Villaseco del Pan'),(15661,50,'Urrea de Jalón'),(15662,8,'Sitges'),(15663,9,'Pinilla Trasmonte'),(15664,16,'Villarrubio'),(15665,19,'Tordelrábano'),(15666,37,'Robliza de Cojos'),(15667,49,'Villavendimio'),(15668,50,'Urriés'),(15669,8,'Sobremunt'),(15670,16,'Villarta'),(15671,19,'Tordellego'),(15672,37,'Rollán'),(15673,49,'Villaveza del Agua'),(15674,50,'Used'),(15675,8,'Sora'),(15676,9,'Poza de la Sal'),(15677,16,'Villas de la Ventosa'),(15678,19,'Tordesilos'),(15679,37,'Saelices el Chico'),(15680,49,'Villaveza de Valverde'),(15681,50,'Utebo'),(15682,8,'Subirats'),(15683,9,'Prádanos de Bureba'),(15684,16,'Villaverde y Pasaconsol'),(15685,37,'Sagrada, La'),(15686,49,'Viñas'),(15687,50,'Valdehorna'),(15688,8,'Súria'),(15689,9,'Pradoluengo'),(15690,16,'Víllora'),(15691,19,'Torija'),(15692,37,'Salamanca'),(15693,50,'Val de San Martín'),(15694,8,'Tavèrnoles'),(15695,9,'Presencio'),(15696,16,'Vindel'),(15697,37,'Saldeana'),(15698,49,'Zamora'),(15699,50,'Valmadrid'),(15700,8,'Tagamanent'),(15701,9,'Puebla de Arganzón, La'),(15702,16,'Yémeda'),(15703,37,'Salmoral'),(15704,50,'Valpalmas'),(15705,8,'Talamanca'),(15706,9,'Puentedura'),(15707,16,'Zafra de Záncara'),(15708,19,'Torrecuadrada de Molina'),(15709,37,'Salvatierra de Tormes'),(15710,50,'Valtorres'),(15711,8,'Taradell'),(15712,16,'Zafrilla'),(15713,19,'Torrecuadradilla'),(15714,37,'San Cristóbal de la Cuesta'),(15715,50,'Velilla de Ebro'),(15716,8,'Terrassa'),(15717,9,'Quemada'),(15718,16,'Zarza de Tajo'),(15719,19,'Torre del Burgo'),(15720,37,'Sancti-Spíritus'),(15721,50,'Velilla de Jiloca'),(15722,8,'Tavertet'),(15723,9,'Quintanabureba'),(15724,16,'Zarzuela'),(15725,19,'Torrejón del Rey'),(15726,37,'Sanchón de la Ribera'),(15727,50,'Vera de Moncayo'),(15728,8,'Teià'),(15729,9,'Quintana del Pidio'),(15730,19,'Torremocha de Jadraque'),(15731,37,'Sanchón de la Sagrada'),(15732,50,'Vierlas'),(15733,8,'Tiana'),(15734,19,'Torremocha del Campo'),(15735,37,'Sanchotello'),(15736,50,'Vilueña, La'),(15737,8,'Tona'),(15738,9,'Quintanaélez'),(15739,19,'Torremocha del Pinar'),(15740,37,'Sando'),(15741,50,'Villadoz'),(15742,8,'Tordera'),(15743,19,'Torremochuela'),(15744,37,'San Esteban de la Sierra'),(15745,50,'Villafeliche'),(15746,8,'Torelló'),(15747,19,'Torrubia'),(15748,37,'San Felices de los Gallegos'),(15749,50,'Villafranca de Ebro'),(15750,8,'Torre de Claramunt, La'),(15751,19,'Tórtola de Henares'),(15752,37,'San Martín del Castañar'),(15753,50,'Villalba de Perejil'),(15754,8,'Torrelavit'),(15755,9,'Quintanaortuño'),(15756,19,'Tortuera'),(15757,37,'San Miguel de Valero'),(15758,50,'Villalengua'),(15759,8,'Torrelles de Foix'),(15760,9,'Quintanapalla'),(15761,19,'Tortuero'),(15762,37,'San Morales'),(15763,50,'Villanueva de Gállego'),(15764,8,'Torrelles de Llobregat'),(15765,9,'Quintanar de la Sierra'),(15766,19,'Traíd'),(15767,37,'San Muñoz'),(15768,50,'Villanueva de Jiloca'),(15769,8,'Ullastrell'),(15770,19,'Trijueque'),(15771,37,'San Pedro del Valle'),(15772,50,'Villanueva de Huerva'),(15773,8,'Vacarisses'),(15774,19,'Trillo'),(15775,37,'San Pedro de Rozados'),(15776,50,'Villar de los Navarros'),(15777,8,'Vallbona d\'Anoia'),(15778,9,'Quintanavides'),(15779,37,'San Pelayo de Guareña'),(15780,50,'Villarreal de Huerva'),(15781,8,'Vallcebre'),(15782,19,'Uceda'),(15783,37,'Santa María de Sando'),(15784,50,'Villarroya de la Sierra'),(15785,8,'Vallgorguina'),(15786,9,'Quintanilla de la Mata'),(15787,19,'Ujados'),(15788,37,'Santa Marta de Tormes'),(15789,50,'Villarroya del Campo'),(15790,8,'Vallirana'),(15791,9,'Quintanilla del Coco'),(15792,50,'Vistabella'),(15793,8,'Vallromanes'),(15794,19,'Utande'),(15795,37,'Santiago de la Puebla'),(15796,50,'Zaida, La'),(15797,8,'Veciana'),(15798,9,'Quintanillas, Las'),(15799,19,'Valdarachas'),(15800,37,'Santibáñez de Béjar'),(15801,50,'Zaragoza'),(15802,8,'Vic'),(15803,9,'Quintanilla San García'),(15804,19,'Valdearenas'),(15805,37,'Santibáñez de la Sierra'),(15806,50,'Zuera'),(15807,8,'Vilada'),(15808,19,'Valdeavellano'),(15809,37,'Santiz'),(15810,8,'Viladecavalls'),(15811,19,'Valdeaveruelo'),(15812,37,'Santos, Los'),(15813,8,'Viladecans'),(15814,9,'Quintanilla Vivar'),(15815,19,'Valdeconcha'),(15816,37,'Sardón de los Frailes'),(15817,8,'Vilanova del Camí'),(15818,9,'Rabanera del Pinar'),(15819,19,'Valdegrudas'),(15820,37,'Saucelle'),(15821,8,'Vilanova de Sau'),(15822,9,'Rábanos'),(15823,19,'Valdelcubo'),(15824,37,'Sahugo, El'),(15825,8,'Vilobí del Penedès'),(15826,9,'Rabé de las Calzadas'),(15827,19,'Valdenuño Fernández'),(15828,37,'Sepulcro-Hilario'),(15829,8,'Vilafranca del Penedès'),(15830,19,'Valdepeñas de la Sierra'),(15831,37,'Sequeros'),(15832,8,'Vilalba Sasserra'),(15833,9,'Rebolledo de la Torre'),(15834,19,'Valderrebollo'),(15835,37,'Serradilla del Arroyo'),(15836,8,'Vilanova i la Geltrú'),(15837,9,'Redecilla del Camino'),(15838,19,'Valdesotos'),(15839,37,'Serradilla del Llano'),(15840,8,'Viver i Serrateix'),(15841,9,'Redecilla del Campo'),(15842,19,'Valfermoso de Tajuña'),(15843,9,'Regumiel de la Sierra'),(15844,19,'Valhermoso'),(15845,37,'Sierpe, La'),(15846,9,'Reinoso'),(15847,19,'Valtablado del Río'),(15848,37,'Sieteiglesias de Tormes'),(15849,9,'Retuerta'),(15850,19,'Valverde de los Arroyos'),(15851,37,'Sobradillo'),(15852,9,'Revilla y Ahedo, La'),(15853,37,'Sorihuela'),(15854,37,'Sotoserrano'),(15855,9,'Revilla del Campo'),(15856,19,'Viana de Jadraque'),(15857,37,'Tabera de Abajo'),(15858,9,'Revillarruz'),(15859,37,'Tala, La'),(15860,9,'Revilla Vallejera'),(15861,37,'Tamames'),(15862,9,'Rezmondo'),(15863,19,'Villanueva de Alcorón'),(15864,37,'Tarazona de Guareña'),(15865,9,'Riocavado de la Sierra'),(15866,19,'Villanueva de Argecilla'),(15867,37,'Tardáguila'),(15868,19,'Villanueva de la Torre'),(15869,37,'Tejado, El'),(15870,37,'Tejeda y Segoyuela'),(15871,9,'Roa'),(15872,19,'Villares de Jadraque'),(15873,37,'Tenebrón'),(15874,19,'Villaseca de Henares'),(15875,37,'Terradillos'),(15876,9,'Rojas'),(15877,19,'Villaseca de Uceda'),(15878,37,'Topas'),(15879,19,'Villel de Mesa'),(15880,37,'Tordillos'),(15881,9,'Royuela de Río Franco'),(15882,19,'Viñuelas'),(15883,37,'Tornadizo, El'),(15884,9,'Rubena'),(15885,19,'Yebes'),(15886,9,'Rublacedo de Abajo'),(15887,19,'Yebra'),(15888,37,'Torresmenudas'),(15889,9,'Rucandio'),(15890,37,'Trabanca'),(15891,9,'Salas de Bureba'),(15892,19,'Yélamos de Abajo'),(15893,37,'Tremedal de Tormes'),(15894,9,'Salas de los Infantes'),(15895,19,'Yélamos de Arriba'),(15896,37,'Valdecarros'),(15897,19,'Yunquera de Henares'),(15898,37,'Valdefuentes de Sangusín'),(15899,9,'Saldaña de Burgos'),(15900,19,'Yunta, La'),(15901,37,'Valdehijaderos'),(15902,19,'Zaorejas'),(15903,37,'Valdelacasa'),(15904,9,'Salinillas de Bureba'),(15905,19,'Zarzuela de Jadraque'),(15906,37,'Valdelageve'),(15907,9,'San Adrián de Juarros'),(15908,19,'Zorita de los Canes'),(15909,37,'Valdelosa'),(15910,37,'Valdemierque'),(15911,9,'San Juan del Monte'),(15912,37,'Valderrodrigo'),(15913,9,'San Mamés de Burgos'),(15914,37,'Valdunciel'),(15915,9,'San Martín de Rubiales'),(15916,37,'Valero'),(15917,9,'San Millán de Lara'),(15918,37,'Valsalabroso'),(15919,37,'Valverde de Valdelacasa'),(15920,37,'Valverdón'),(15921,9,'Santa Cecilia'),(15922,37,'Vallejera de Riofrío'),(15923,37,'Vecinos'),(15924,9,'Santa Cruz de la Salceda'),(15925,37,'Vega de Tirados'),(15926,9,'Santa Cruz del Valle Urbión'),(15927,37,'Veguillas, Las'),(15928,9,'Santa Gadea del Cid'),(15929,37,'Vellés, La'),(15930,9,'Santa Inés'),(15931,37,'Ventosa del Río Almar'),(15932,37,'Vídola, La'),(15933,9,'Santa María del Campo'),(15934,37,'Vilvestre'),(15935,9,'Santa María del Invierno'),(15936,37,'Villaflores'),(15937,9,'Santa María del Mercadillo'),(15938,37,'Villagonzalo de Tormes'),(15939,9,'Santa María Rivarredonda'),(15940,37,'Villalba de los Llanos'),(15941,9,'Santa Olalla de Bureba'),(15942,37,'Villamayor'),(15943,9,'Santibáñez de Esgueva'),(15944,37,'Villanueva del Conde'),(15945,9,'Santibáñez del Val'),(15946,37,'Villar de Argañán'),(15947,37,'Villar de Ciervo'),(15948,9,'Santo Domingo de Silos'),(15949,37,'Villar de Gallimazo'),(15950,37,'Villar de la Yegua'),(15951,9,'San Vicente del Valle'),(15952,37,'Villar de Peralonso'),(15953,9,'Sargentes de la Lora'),(15954,37,'Villar de Samaniego'),(15955,9,'Sarracín'),(15956,37,'Villares de la Reina'),(15957,9,'Sasamón'),(15958,37,'Villares de Yeltes'),(15959,37,'Villarino de los Aires'),(15960,9,'Sequera de Haza, La'),(15961,37,'Villarmayor'),(15962,9,'Solarana'),(15963,37,'Villarmuerto'),(15964,37,'Villasbuenas'),(15965,9,'Sordillos'),(15966,37,'Villasdardo'),(15967,9,'Sotillo de la Ribera'),(15968,37,'Villaseco de los Gamitos'),(15969,37,'Villaseco de los Reyes'),(15970,37,'Villasrubias'),(15971,9,'Sotragero'),(15972,37,'Villaverde de Guareña'),(15973,9,'Sotresgudo'),(15974,37,'Villavieja de Yeltes'),(15975,9,'Susinos del Páramo'),(15976,37,'Villoria'),(15977,9,'Tamarón'),(15978,37,'Villoruela'),(15979,37,'Vitigudino'),(15980,9,'Tardajos'),(15981,37,'Yecla de Yeltes'),(15982,9,'Tejada'),(15983,37,'Zamarra'),(15984,37,'Zamayón'),(15985,9,'Terradillos de Esgueva'),(15986,37,'Zarapicos'),(15987,9,'Tinieblas de la Sierra'),(15988,37,'Zarza de Pumareda, La'),(15989,9,'Tobar'),(15990,37,'Zorita de la Frontera'),(15991,9,'Tordómar'),(15992,9,'Torrecilla del Monte'),(15993,9,'Torregalindo'),(15994,9,'Torrelara'),(15995,9,'Torrepadre'),(15996,9,'Torresandino'),(15997,9,'Tórtoles de Esgueva'),(15998,9,'Tosantos'),(15999,9,'Trespaderne'),(16000,9,'Tubilla del Agua'),(16001,9,'Tubilla del Lago'),(16002,9,'Úrbel del Castillo'),(16003,9,'Vadocondes'),(16004,9,'Valdeande'),(16005,9,'Valdezate'),(16006,9,'Valdorros'),(16007,9,'Valmala'),(16008,9,'Vallarta de Bureba'),(16009,9,'Valle de Manzanedo'),(16010,9,'Valle de Mena'),(16011,9,'Valle de Oca'),(16012,9,'Valle de Tobalina'),(16013,9,'Valle de Valdebezana'),(16014,9,'Valle de Valdelaguna'),(16015,9,'Valle de Valdelucio'),(16016,9,'Valle de Zamanzas'),(16017,9,'Vallejera'),(16018,9,'Valles de Palenzuela'),(16019,9,'Valluércanes'),(16020,9,'Vid y Barrios, La'),(16021,9,'Vid de Bureba, La'),(16022,9,'Vileña'),(16023,9,'Viloria de Rioja'),(16024,9,'Vilviestre del Pinar'),(16025,9,'Villadiego'),(16026,9,'Villaescusa de Roa'),(16027,9,'Villaescusa la Sombría'),(16028,9,'Villaespasa'),(16029,9,'Villafranca Montes de Oca'),(16030,9,'Villafruela'),(16031,9,'Villagalijo'),(16032,9,'Villagonzalo Pedernales'),(16033,9,'Villahoz'),(16034,9,'Villalba de Duero'),(16035,9,'Villalbilla de Burgos'),(16036,9,'Villalbilla de Gumiel'),(16037,9,'Villaldemiro'),(16038,9,'Villalmanzo'),(16039,9,'Villamayor de los Montes'),(16040,9,'Villamayor de Treviño'),(16041,9,'Villambistia'),(16042,9,'Villamedianilla'),(16043,9,'Villamiel de la Sierra'),(16044,9,'Villangómez'),(16045,9,'Villanueva de Argaño'),(16046,9,'Villanueva de Carazo'),(16047,9,'Villanueva de Gumiel'),(16048,9,'Villanueva de Teba'),(16049,9,'Villaquirán de la Puebla'),(16050,9,'Villaquirán de los Infantes'),(16051,9,'Villariezo'),(16052,9,'Villasandino'),(16053,9,'Villasur de Herreros'),(16054,9,'Villatuelda'),(16055,9,'Villaverde del Monte'),(16056,9,'Villaverde-Mogina'),(16057,9,'Villayerno Morquillas'),(16058,9,'Villazopeque'),(16059,9,'Villegas'),(16060,9,'Villoruebo'),(16061,9,'Vizcaínos'),(16062,9,'Zael'),(16063,9,'Zarzosa de Río Pisuerga'),(16064,9,'Zazuar'),(16065,9,'Zuñeda'),(16066,1,'Iruña Oka/Iruña de Oca'),(16067,2,'Pozo Cañada'),(16068,3,'Poblets, els'),(16069,4,'Tres Villas, Las'),(16070,5,'San Juan de Gredos'),(16071,6,'Valdelacalzada'),(16072,7,'Ariany'),(16073,8,'Rupit i Pruit'),(16074,9,'Quintanilla del Agua y Tordueles'),(16075,10,'Rosalejo'),(16076,11,'Benalup-Casas Viejas'),(16077,12,'Alquerías del Niño Perdido'),(16078,13,'Robledo, El'),(16079,15,'Cariño'),(16080,16,'Campos del Paraíso'),(16081,17,'Cruïlles,  Monells i Sant Sadurní de l\'Heura'),(16082,18,'Taha, La'),(16083,19,'Semillas'),(16084,20,'Mendaro'),(16085,22,'Valle de Hecho'),(16086,23,'Cárcheles'),(16087,24,'Villamanín'),(16088,25,'Vall de Cardós'),(16089,27,'Baralla'),(16090,28,'Lozoyuela-Navas-Sieteiglesias'),(16091,29,'Torremolinos'),(16092,30,'Santomera'),(16093,31,'Barañain'),(16094,34,'Osorno la Mayor'),(16095,36,'Illa de Arousa, A'),(16096,38,'Pinar de El Hierro, El'),(16097,40,'Ortigosa del Monte'),(16098,41,'Cañada Rosal'),(16099,43,'Deltebre'),(16100,45,'Santo Domingo-Caudilla'),(16101,48,'Derio'),(16102,50,'Biel'),(16103,1,'Lantarón'),(16104,3,'Pilar de la Horadada'),(16105,4,'Ejido, El'),(16106,5,'Santa María del Cubillo'),(16107,6,'Pueblonuevo del Guadiana'),(16108,7,'Migjorn Gran, Es'),(16109,8,'Vilanova del Vallès'),(16110,9,'Valle de Santibáñez'),(16111,10,'Vegaviana'),(16112,11,'San José del Valle'),(16113,12,'Sant Joan de Moró'),(16114,13,'Ruidera'),(16115,16,'Valdetórtola'),(16116,17,'Forallac'),(16117,18,'Valle, El'),(16118,20,'Lasarte-Oria'),(16119,22,'Puente la Reina de Jaca'),(16120,23,'Bedmar y Garcíez'),(16121,24,'Villaornate y Castro'),(16122,25,'Sant Martí de Riucorb'),(16123,27,'Burela'),(16124,28,'Puentes Viejas'),(16125,29,'Villanueva de la Concepción'),(16126,30,'Alcázares, Los'),(16127,31,'Berrioplano/Berriobeiti'),(16128,34,'Valle del Retortillo'),(16129,40,'Cozuelos de Fuentidueña'),(16130,41,'Isla Mayor'),(16131,43,'Sant Jaume d\'Enveja'),(16132,46,'Gátova'),(16133,48,'Erandio'),(16134,50,'Marracos'),(16135,3,'Montesinos, Los'),(16136,4,'Mojonera, La'),(16137,5,'Diego del Carpio'),(16138,8,'Sant Julià de Cerdanyola'),(16139,9,'Villarcayo de Merindad de Castilla la Vieja'),(16140,10,'Alagón del Río'),(16141,13,'Arenales de San Gregorio'),(16142,16,'Valeras, Las'),(16143,17,'Sant Julià del Llor i Bonmatí'),(16144,18,'Nevada'),(16145,20,'Astigarraga'),(16146,22,'San Miguel del Cinca'),(16147,23,'Villatorres'),(16148,25,'Guingueta d\'Àneu, La'),(16149,28,'Tres Cantos'),(16150,31,'Berriozar'),(16151,34,'Loma de Ucieza'),(16152,40,'Marazoleja'),(16153,41,'Cuervo de Sevilla, El'),(16154,43,'Camarles'),(16155,46,'San Antonio de Benagéber'),(16156,48,'Loiu'),(16157,50,'Villamayor de Gállego'),(16158,3,'San Isidro'),(16159,5,'Santiago del Tormes'),(16160,8,'Badia del Vallès'),(16161,9,'Valle de las Navas'),(16162,13,'Llanos del Caudillo'),(16163,16,'Fuentenava de Jábaga'),(16164,18,'Alpujarra de la Sierra'),(16165,20,'Baliarrain'),(16166,22,'Sotonera, La'),(16167,23,'Santiago-Pontones'),(16168,25,'Castell de Mur'),(16169,31,'Irurtzun'),(16170,34,'Pernía, La'),(16171,40,'Navas de Riofrío'),(16172,43,'Aldea, L\''),(16173,46,'Benicull de Xúquer'),(16174,48,'Sondika'),(16175,5,'Villanueva de Ávila'),(16176,8,'Palma de Cervelló, La'),(16177,9,'Valle de Sedano'),(16178,16,'Arcas del Villar'),(16179,18,'Gabias, Las'),(16180,20,'Orendain'),(16181,22,'Lupiñén-Ortilla'),(16182,23,'Arroyo del Ojanco'),(16183,25,'Ribera d\'Ondara'),(16184,31,'Beriáin'),(16185,40,'Cuevas de Provanco'),(16186,43,'Salou'),(16187,48,'Zamudio'),(16188,9,'Merindad de Río Ubierna'),(16189,16,'Valdecolmenas, Los'),(16190,18,'Guajares, Los'),(16191,20,'Altzaga'),(16192,22,'Santa María de Dulcis'),(16193,25,'Valls d\'Aguilar, Les'),(16194,31,'Orkoien'),(16195,40,'San Cristóbal de Segovia'),(16196,43,'Ampolla, L\''),(16197,48,'Forua'),(16198,9,'Alfoz de Quintanadueñas'),(16199,18,'Valle del Zalabí'),(16200,20,'Gaztelu'),(16201,22,'Aínsa-Sobrarbe'),(16202,25,'Torrefeta i Florejacs'),(16203,31,'Zizur Mayor/Zizur Nagusia'),(16204,43,'Canonja, La'),(16205,48,'Kortezubi'),(16206,9,'Valle de Losa'),(16207,16,'Pozorrubielos de la Mancha'),(16208,18,'Villamena'),(16209,22,'Hoz y Costean'),(16210,25,'Fígols i Alinyà'),(16211,31,'Lekunberri'),(16212,48,'Murueta'),(16213,16,'Sotorribas'),(16214,18,'Morelábor'),(16215,22,'Vencillón'),(16216,25,'Vansa i Fórnols, La'),(16217,48,'Nabarniz'),(16218,16,'Villar y Velasco'),(16219,18,'Pinar, El'),(16220,25,'Josa i Tuixén'),(16221,48,'Iurreta'),(16222,18,'Vegas del Genil'),(16223,25,'Plans de Sió, Els'),(16224,48,'Ajangiz'),(16225,18,'Cuevas del Campo'),(16226,25,'Gimenells i el Pla de la Font'),(16227,48,'Alonsotegi'),(16228,18,'Zagra'),(16229,25,'Riu de Cerdanya'),(16230,48,'Zierbena'),(16231,48,'Arratzu'),(16232,48,'Ziortza-Bolibar');
/*!40000 ALTER TABLE `cities` ENABLE KEYS */;
UNLOCK TABLES;

--
-- Table structure for table `classes`
--

DROP TABLE IF EXISTS `classes`;
/*!40101 SET @saved_cs_client     = @@character_set_client */;
/*!50503 SET character_set_client = utf8mb4 */;
CREATE TABLE `classes` (
  `id` int NOT NULL AUTO_INCREMENT,
  `creation_datetime` datetime NOT NULL DEFAULT CURRENT_TIMESTAMP,
  `teacher_id` int NOT NULL,
  `student_id` int NOT NULL,
  `title` mediumtext COLLATE utf8mb4_unicode_ci,
  `start_hour` tinyint NOT NULL,
  `end_hour` tinyint NOT NULL,
  `start_date` date NOT NULL,
  `cancel_date` date DEFAULT NULL,
  PRIMARY KEY (`id`),
  UNIQUE KEY `UQ_class_teacher` (`teacher_id`,`create_datetime`),
  KEY `FK_Class_student_idx` (`student_id`),
  KEY `FK_Class_teacher_idx` (`teacher_id`),
  CONSTRAINT `FK_Class_student` FOREIGN KEY (`student_id`) REFERENCES `students` (`id`),
  CONSTRAINT `FK_Class_teacher` FOREIGN KEY (`teacher_id`) REFERENCES `teachers` (`id`)
) ENGINE=InnoDB AUTO_INCREMENT=11 DEFAULT CHARSET=utf8mb4 COLLATE=utf8mb4_unicode_ci;
/*!40101 SET character_set_client = @saved_cs_client */;

--
-- Dumping data for table `classes`
--

LOCK TABLES `classes` WRITE;
/*!40000 ALTER TABLE `classes` DISABLE KEYS */;
INSERT INTO `classes` VALUES (1,'2022-02-04 19:58:09',85,108,NULL,0,0,'2022-12-10',NULL),(2,'2022-04-28 09:57:47',84,154,NULL,0,0,'2022-12-10',NULL),(3,'2022-07-15 15:40:34',63,171,NULL,0,0,'2022-12-10',NULL),(4,'2022-08-06 21:21:56',37,110,NULL,0,0,'2022-12-10',NULL),(5,'2022-03-03 20:52:35',87,155,NULL,0,0,'2022-12-10',NULL),(6,'2022-04-05 13:56:05',93,145,NULL,0,0,'2022-12-10',NULL),(7,'2022-04-16 07:55:33',54,187,NULL,0,0,'2022-12-10',NULL),(8,'2022-07-30 20:09:43',38,198,NULL,0,0,'2022-12-10',NULL),(9,'2022-01-13 10:07:20',17,101,NULL,0,0,'2022-12-10',NULL),(10,'2022-04-08 15:46:51',22,142,NULL,0,0,'2022-12-10',NULL);
/*!40000 ALTER TABLE `classes` ENABLE KEYS */;
UNLOCK TABLES;

--
-- Table structure for table `errors`
--

DROP TABLE IF EXISTS `errors`;
/*!40101 SET @saved_cs_client     = @@character_set_client */;
/*!50503 SET character_set_client = utf8mb4 */;
CREATE TABLE `errors` (
  `id` int NOT NULL AUTO_INCREMENT,
  `type` varchar(45) CHARACTER SET utf8mb4 COLLATE utf8mb4_unicode_ci DEFAULT NULL,
  `code` varchar(8) CHARACTER SET utf8mb4 COLLATE utf8mb4_unicode_ci NOT NULL,
  `message` text CHARACTER SET utf8mb4 COLLATE utf8mb4_unicode_ci NOT NULL,
  PRIMARY KEY (`id`)
) ENGINE=InnoDB AUTO_INCREMENT=79 DEFAULT CHARSET=utf8mb4 COLLATE=utf8mb4_unicode_ci;
/*!40101 SET character_set_client = @saved_cs_client */;

--
-- Dumping data for table `errors`
--

LOCK TABLES `errors` WRITE;
/*!40000 ALTER TABLE `errors` DISABLE KEYS */;
INSERT INTO `errors` VALUES (53,'General','1','Recurso no encontrado.'),(54,'General','2','Las contraseñas introducidas no coinciden.'),(55,'General','3','El email introducido está en uso.'),(56,'General','4','El numero de teléfono introducido es incorrecto. Introduce un valor con el formato correcto (codigo de país seguido del número de teléfono).'),(57,'General','5','Datos obligatorios no introducidos. Revisa los campos obligatorios.'),(58,'Login','1','Información de login incorrecta.'),(59,'Login','2','El token ha caducado.'),(60,'Login','3','Debes incluir el token de autenticación.'),(61,'Login','4','El token incluido no es válido.'),(62,'Login','5','El token está caducado.'),(63,'Student','1','Error creando valoración. No puedes valorar un profesor con el que no has tenido clase previamente.'),(64,'Teacher','1','Error de registro. Formato de precio por hora incorrecto.'),(65,'Teacher','2','Error de registro. Formato de experiencia incorrecto.'),(66,'Teacher','3','El valor de la rama es incorrecto. Selecciona un valor de la lista de ramas.'),(67,'Teacher','4','Error en registro. La localización es un campo requerido.'),(68,'Admin','1','Error validando el usuario. Inténtalo más tarde.'),(69,'Rating','1','El valor introducido es incorrecto. Por favor, introduce un número entre 1 y 10.'),(70,'DB','1','Error de comunicación. Inténtalo de nuevo más tarde.'),(71,'Form','1','Formato incorrecto.'),(72,'Form','2','Este campo solo puede contener letras.'),(73,'Form','3','Este campo solo puede contener números.'),(74,'Form','4','El campo es obligatorio.'),(75,'Form','5','Las contraseñas introducidas no coinciden. '),(76,'Classes','1','La hora seleccionada no está disponible. Selecciona una fecha y/o hora diferentes.'),(77,'Nav','1','Acceso restringido.'),(78,'Nav','2','Acción no permitida.');
/*!40000 ALTER TABLE `errors` ENABLE KEYS */;
UNLOCK TABLES;

--
-- Table structure for table `locations`
--

DROP TABLE IF EXISTS `locations`;
/*!40101 SET @saved_cs_client     = @@character_set_client */;
/*!50503 SET character_set_client = utf8mb4 */;
CREATE TABLE `locations` (
  `id` int NOT NULL AUTO_INCREMENT,
  `latitude` double DEFAULT NULL,
  `longitude` double DEFAULT NULL,
  `city_id` int NOT NULL,
  `address` varchar(80) CHARACTER SET utf8mb4 COLLATE utf8mb4_unicode_ci DEFAULT NULL,
  PRIMARY KEY (`id`),
  KEY `FK_Location_City_idx` (`city_id`),
  CONSTRAINT `FK_Location_City` FOREIGN KEY (`city_id`) REFERENCES `cities` (`id`)
) ENGINE=InnoDB AUTO_INCREMENT=201 DEFAULT CHARSET=utf8mb4 COLLATE=utf8mb4_unicode_ci;
/*!40101 SET character_set_client = @saved_cs_client */;

--
-- Dumping data for table `locations`
--

LOCK TABLES `locations` WRITE;
/*!40000 ALTER TABLE `locations` DISABLE KEYS */;
INSERT INTO `locations` VALUES (1,41.005341,71.236153,9078,'2 Mesta Parkway'),(2,32.032275,118.449305,9078,'9358 Springs Street'),(3,40.7822677,22.5735489,9078,'37593 Emmet Place'),(4,57.8745672,56.0925161,11651,'01852 Vernon Road'),(5,-6.8202532,106.8325872,8991,'0 Fairview Terrace'),(6,43.4945737,5.8978018,8991,'5 Northwestern Road'),(7,-27.4955748,-48.6553685,9078,'9 Buell Park'),(8,-41.2895103,174.0057137,9078,'66 American Crossing'),(9,41.076226,113.969618,9078,'092 Montana Junction'),(10,-7.8184706,110.3922413,11651,'85 Lunder Trail'),(11,43.6953508,7.2559678,11651,'743 Hollow Ridge Way'),(12,-37.0716565,174.9770262,11651,'181 5th Junction'),(13,9.9739491,9.6038586,11651,'74 Lake View Drive'),(14,40.937607,24.412866,8991,'3 Eagle Crest Crossing'),(15,16.289185,119.90559,9078,'63 Old Shore Terrace'),(16,25.318672,119.105528,11651,'3 Pine View Place'),(17,41.9203468,-87.6433139,8991,'36 Village Green Hill'),(18,56.2656262,62.946875,9078,'8 Eagan Way'),(19,59.3112521,14.496875,11651,'5148 Forest Dale Junction'),(20,-9.8076,123.9023,9078,'757 Eggendart Place'),(21,27.6486636,84.4172666,11651,'4 Blaine Plaza'),(22,51.4556245,15.0831462,11651,'68 Warrior Parkway'),(23,-24.8096387,-56.5196111,8991,'4 Upham Plaza'),(24,44.5483119,41.0350394,8991,'973 Blackbird Way'),(25,43.4009223,45.5278152,8991,'029 Veith Trail'),(26,32.8872094,13.1913383,9078,'7 Fallview Point'),(27,30.368126,102.814531,8991,'5528 Swallow Circle'),(28,59.9739683,10.9282159,8991,'795 Sauthoff Crossing'),(29,45.7593122,4.969422,9078,'5 Bashford Street'),(30,14.6476843,-90.9457183,8991,'64 Bunker Hill Center'),(31,47.2495437,107.5408308,9078,'1255 Ronald Regan Park'),(32,36.689044,117.302269,11651,'47683 Dakota Place'),(33,40.7463865,-8.7008962,8991,'00886 Eagle Crest Hill'),(34,37.1691,10.03478,8991,'8573 Montana Point'),(35,61.1066573,21.4727058,11651,'09 Anzinger Pass'),(36,40.9937134,-8.2760021,11651,'9 Johnson Center'),(37,23.30324,57.52459,8991,'9 East Circle'),(38,-7.6155556,112.6211111,8991,'746 Eliot Lane'),(39,53.5666638,26.1406893,9078,'9 Arapahoe Place'),(40,-37.8268291,174.7994271,11651,'2091 Sullivan Crossing'),(41,29.999504,106.65627,9078,'61508 Red Cloud Circle'),(42,-6.4092325,106.0375673,8991,'9301 Anthes Parkway'),(43,23.372254,116.716446,11651,'56 Jenna Park'),(44,50.4974447,31.7833183,9078,'77 Di Loreto Circle'),(45,17.1820718,-25.0658748,9078,'661 American Point'),(46,-34.5685748,-58.870055,9078,'25 Sachtjen Lane'),(47,-22.7464475,-42.8613509,11651,'8 Manley Terrace'),(48,43.4018427,28.413371,8991,'4 Carpenter Terrace'),(49,-7.229,106.9856,11651,'57 Gulseth Alley'),(50,31.961364,118.613379,9078,'6459 Riverside Street'),(51,37.8833564,23.9333037,8991,'9045 5th Court'),(52,4.5191097,-76.0739999,8991,'1 Mitchell Place'),(53,48.0386685,-2.9231898,11651,'96 Gale Parkway'),(54,40.5369108,21.2582079,9078,'29 Weeping Birch Circle'),(55,-18.9549753,49.1082407,11651,'4 Forest Dale Alley'),(56,7.6392002,123.3058014,8991,'0 Loftsgordon Circle'),(57,22.940196,113.943916,8991,'5 Brickson Park Parkway'),(58,7.0762776,122.2124068,11651,'0125 Kenwood Street'),(59,29.0755457,-110.9610195,9078,'935 Upham Way'),(60,-7.040572,106.8448686,9078,'28029 Lunder Hill'),(61,39.815838,118.630532,8991,'6 Vera Trail'),(62,53.508326,-7.145971,9078,'08 Manley Road'),(63,51.2383684,22.235175,8991,'49 Lindbergh Circle'),(64,43.6943099,2.0376775,9078,'932 Tony Point'),(65,17.9453521,-76.4534165,9078,'6 Dapin Trail'),(66,46.666415,123.169189,8991,'12095 Express Road'),(67,-0.134137,130.9485906,8991,'4518 Roth Street'),(68,41.5146956,-8.2971003,9078,'27596 Cascade Crossing'),(69,-9.0156495,32.9972793,11651,'0543 Stone Corner Junction'),(70,24.042666,114.345641,9078,'557 Granby Street'),(71,17.234553,102.4235298,8991,'7 Prairieview Drive'),(72,36.067108,120.382609,8991,'056 Tony Street'),(73,37.955893,23.7020975,8991,'37393 Florence Avenue'),(74,9.0968475,118.0843002,9078,'997 Spaight Road'),(75,-27.2339498,-52.026467,8991,'51964 Grim Lane'),(76,35.2495378,136.8995543,9078,'5986 Mesta Plaza'),(77,61.148769,-149.8010811,9078,'56 Kensington Circle'),(78,45.0222956,39.1162056,9078,'71823 Fordem Drive'),(79,35.2086503,26.1052329,8991,'86 Merry Avenue'),(80,11.2755407,49.1878994,11651,'5307 Mariners Cove Way'),(81,6.5592478,124.6846104,9078,'75949 Crownhardt Junction'),(82,-34.7121944,-58.6285183,8991,'933 Hintze Street'),(83,45.4289588,-73.8689881,11651,'4 Oxford Terrace'),(84,-7.5208,108.6747,9078,'491 Trailsway Street'),(85,-6.308009,155.477221,9078,'7207 Anhalt Way'),(86,41.305838,124.120286,9078,'25 Evergreen Plaza'),(87,13.658247,123.017079,11651,'164 Bartillon Park'),(88,31.260046,107.526896,8991,'32 Marquette Drive'),(89,53.526935,49.435224,11651,'6199 Butternut Circle'),(90,47.2550409,-1.5401497,9078,'189 Bluestem Trail'),(91,13.7032564,44.7334536,11651,'4813 Northport Pass'),(92,36.728017,10.8536132,9078,'3 Melvin Place'),(93,48.8109783,25.431687,9078,'0 Steensland Plaza'),(94,43.0172612,17.5644335,9078,'4802 Village Hill'),(95,52.803304,51.1735574,9078,'48511 Oakridge Road'),(96,58.1970987,15.0537794,9078,'602 Bay Trail'),(97,14.3839328,121.050126,9078,'0 Onsgard Drive'),(98,40.1336715,44.6507762,9078,'2756 Luster Parkway'),(99,9.2524087,122.874409,11651,'558 Colorado Lane'),(100,0.3475964,32.5825197,9078,'33 Hoffman Point'),(101,46.7152613,-1.4517985,8991,'9 Ridgeview Park'),(102,-19.8022734,-40.8605209,11651,'0928 Macpherson Road'),(103,25.732824,117.130129,8991,'0848 Dunning Alley'),(104,54.3736161,37.553869,8991,'38288 Forest Dale Street'),(105,33.320546,100.547156,8991,'3 Hanover Alley'),(106,9.2422286,125.5562747,8991,'1921 Luster Junction'),(107,-40.7632504,-71.638725,9078,'486 Sauthoff Avenue'),(108,43.9497771,20.4469982,8991,'7023 Chive Junction'),(109,15.8800584,108.3380469,11651,'24133 Luster Drive'),(110,-8.2151612,112.6109257,9078,'26 Mosinee Center'),(111,45.521519,3.5276642,9078,'7953 Rutledge Way'),(112,42.52444,20.28083,9078,'7 2nd Center'),(113,49.8530897,20.9063169,9078,'4 Bluestem Road'),(114,49.6325518,18.2841004,9078,'338 Crownhardt Junction'),(115,-6.2323908,106.8318446,8991,'432 Waxwing Junction'),(116,-3.3060598,128.9615888,9078,'2 Prairieview Parkway'),(117,47.4947984,1.2613018,9078,'4 Ohio Place'),(118,22.6085156,113.1882767,11651,'631 Cottonwood Way'),(119,5.84561,118.0570561,8991,'4 Bluestem Lane'),(120,22.163704,110.671258,9078,'456 Starling Plaza'),(121,9.7639,14.1539,8991,'0427 Green Ridge Center'),(122,31.8694268,36.0064582,11651,'0119 Lawn Drive'),(123,-7.090073,113.7018635,8991,'1 Drewry Parkway'),(124,38.2739241,15.5562304,8991,'823 Oak Alley'),(125,36.0802326,-86.8320743,11651,'62390 Jay Pass'),(126,-7.066667,108.416667,11651,'86 Northridge Junction'),(127,25.331778,108.040593,9078,'247 Northridge Way'),(128,36.1030036,-86.8722146,8991,'9155 Pankratz Trail'),(129,25.4052165,55.5136433,9078,'24 Fisk Street'),(130,34.4912621,-5.1262689,8991,'2557 Lindbergh Lane'),(131,38.776362,114.9416819,11651,'2638 Dapin Plaza'),(132,-8.2319193,112.4408057,11651,'6 Amoth Street'),(133,24.808198,118.03177,8991,'50950 Ludington Alley'),(134,-33.6167,-70.5667,8991,'24 Twin Pines Way'),(135,31.058765,121.315718,8991,'06 Bultman Alley'),(136,-20.0170955,-45.9795138,9078,'8 Dixon Crossing'),(137,15.678696,104.1040204,9078,'29 Surrey Pass'),(138,32.1237809,114.1609454,9078,'1 Dottie Road'),(139,53.0815746,15.4900234,9078,'7 Quincy Place'),(140,41.2221689,-8.545083,11651,'20 American Ash Junction'),(141,5.8894555,7.9538378,8991,'71975 Waywood Parkway'),(142,62.3658212,26.4532856,9078,'33 Loomis Pass'),(143,-3.4233267,130.2271243,9078,'28 Erie Street'),(144,36.363178,25.7693535,9078,'76 Knutson Drive'),(145,43.3216087,-8.434873,11651,'773 Trailsway Drive'),(146,-8.301579,123.0648331,9078,'0161 Talmadge Junction'),(147,58.0275087,15.0052213,11651,'12440 Mccormick Parkway'),(148,33.8942048,70.1081888,8991,'4441 Loomis Pass'),(149,50.4216642,14.3468802,11651,'05582 Manitowish Center'),(150,37.5247192,129.1142915,11651,'6 Golden Leaf Parkway'),(151,45.9380817,16.7806658,9078,'63 Stephen Hill'),(152,43.61812,118.05545,9078,'7865 Florence Lane'),(153,19.4198119,-99.0225628,11651,'7277 Sullivan Hill'),(154,-2.759,-42.8236209,9078,'093 Lindbergh Drive'),(155,37.5330237,140.628425,11651,'76325 Surrey Point'),(156,41.509666,-7.9858152,8991,'450 Hansons Crossing'),(157,2.9175611,101.6821575,11651,'12100 Shopko Street'),(158,31.2633956,72.3110986,11651,'1118 Columbus Junction'),(159,40.9562697,26.2680259,8991,'4 Katie Street'),(160,51.9601912,7.5468477,11651,'75 Sunbrook Hill'),(161,36.8200203,10.3020843,9078,'38324 Ilene Trail'),(162,31.644606,119.781147,11651,'723 Kingsford Circle'),(163,38.6841753,-8.9548647,8991,'986 Chinook Hill'),(164,52.0078985,16.3005863,8991,'50 Gale Street'),(165,14.2038203,121.1457666,8991,'485 Menomonie Point'),(166,-15.12142,-70.929367,8991,'867 Morrow Circle'),(167,33.8941622,133.1395202,8991,'00172 Merry Terrace'),(168,45.8334,-79.38293,11651,'595 Dottie Avenue'),(169,42.854367,47.188097,9078,'9639 Debra Junction'),(170,8.37083,124.55944,9078,'764 Anhalt Plaza'),(171,48.923882,2.2593884,11651,'1 Nancy Plaza'),(172,50.1987725,39.5632497,8991,'32 Jenifer Hill'),(173,-8.2412718,112.0744643,8991,'74 Hanover Hill'),(174,40.7339545,-7.8160659,11651,'68865 Oriole Road'),(175,21.481291,109.120161,11651,'38911 Stuart Court'),(176,9.4693943,99.9688636,11651,'15 Steensland Drive'),(177,30.5395376,-8.5055146,9078,'70936 Coolidge Trail'),(178,26.695419,101.841707,11651,'02732 6th Terrace'),(179,-4.4606478,-65.6658568,8991,'060 Pierstorff Crossing'),(180,37.518314,111.144319,8991,'79 Stuart Crossing'),(181,2.7239834,101.9476452,11651,'822 Nobel Court'),(182,62.1588835,22.2669813,8991,'01 Division Point'),(183,62.8487,34.82621,8991,'21977 Northwestern Trail'),(184,14.4958564,121.0188552,11651,'3 Fremont Avenue'),(185,58.5033171,13.1611762,8991,'9 Pierstorff Drive'),(186,41.8457984,-8.4193536,11651,'727 Arkansas Plaza'),(187,51.5835029,18.942743,11651,'5587 School Street'),(188,60.5201867,23.2169967,11651,'46 Victoria Drive'),(189,19.379122,-99.1097687,9078,'5038 Roxbury Road'),(190,17.6102139,121.7177272,9078,'4426 Independence Street'),(191,60.3767999,93.0249306,9078,'202 New Castle Road'),(192,22.62097,100.721884,9078,'266 Menomonie Park'),(193,67.6043051,30.4421656,9078,'11 Evergreen Crossing'),(194,45.6629694,6.3760602,8991,'168 Fairview Street'),(195,-9.8015544,-77.4314703,9078,'16 Clarendon Street'),(196,37.533773,121.315291,11651,'50 Hansons Alley'),(197,26.411026,-80.0926014,11651,'4 Bartelt Way'),(198,15.26667,120.86667,9078,'5 Welch Court'),(199,32.7376828,-114.6981307,8991,'68437 Superior Alley'),(200,44.9447526,4.8413855,9078,'19 Artisan Alley');
/*!40000 ALTER TABLE `locations` ENABLE KEYS */;
UNLOCK TABLES;

--
-- Table structure for table `provinces`
--

DROP TABLE IF EXISTS `provinces`;
/*!40101 SET @saved_cs_client     = @@character_set_client */;
/*!50503 SET character_set_client = utf8mb4 */;
CREATE TABLE `provinces` (
  `id` int NOT NULL AUTO_INCREMENT,
  `name` varchar(45) CHARACTER SET utf8mb4 COLLATE utf8mb4_unicode_ci NOT NULL,
  PRIMARY KEY (`id`)
) ENGINE=InnoDB AUTO_INCREMENT=53 DEFAULT CHARSET=utf8mb4 COLLATE=utf8mb4_unicode_ci;
/*!40101 SET character_set_client = @saved_cs_client */;

--
-- Dumping data for table `provinces`
--

LOCK TABLES `provinces` WRITE;
/*!40000 ALTER TABLE `provinces` DISABLE KEYS */;
INSERT INTO `provinces` VALUES (1,'Álava'),(2,'Albacete'),(3,'Alicante/Alacant'),(4,'Almería'),(5,'Ávila'),(6,'Badajoz'),(7,'Balears, Illes'),(8,'Barcelona'),(9,'Burgos'),(10,'Cáceres'),(11,'Cádiz'),(12,'Castellón/Castelló'),(13,'Ciudad Real'),(14,'Córdoba'),(15,'Coruña, A'),(16,'Cuenca'),(17,'Girona'),(18,'Granada'),(19,'Guadalajara'),(20,'Gipuzkoa'),(21,'Huelva'),(22,'Huesca'),(23,'Jaén'),(24,'León'),(25,'Lleida'),(26,'Rioja, La'),(27,'Lugo'),(28,'Madrid'),(29,'Málaga'),(30,'Murcia'),(31,'Navarra'),(32,'Ourense'),(33,'Asturias'),(34,'Palencia'),(35,'Palmas, Las'),(36,'Pontevedra'),(37,'Salamanca'),(38,'Santa Cruz de Tenerife'),(39,'Cantabria'),(40,'Segovia'),(41,'Sevilla'),(42,'Soria'),(43,'Tarragona'),(44,'Teruel'),(45,'Toledo'),(46,'Valencia/València'),(47,'Valladolid'),(48,'Bizkaia'),(49,'Zamora'),(50,'Zaragoza'),(51,'Ceuta'),(52,'Melilla');
/*!40000 ALTER TABLE `provinces` ENABLE KEYS */;
UNLOCK TABLES;

--
-- Table structure for table `ratings`
--

DROP TABLE IF EXISTS `ratings`;
/*!40101 SET @saved_cs_client     = @@character_set_client */;
/*!50503 SET character_set_client = utf8mb4 */;
CREATE TABLE `ratings` (
  `id` int NOT NULL AUTO_INCREMENT,
  `rating` int NOT NULL,
  `comment` longtext CHARACTER SET utf8mb4 COLLATE utf8mb4_unicode_ci,
  `teacher_id` int NOT NULL,
  `student_id` int NOT NULL,
  PRIMARY KEY (`id`),
  KEY `FK_Rating_Teacher_idx` (`teacher_id`),
  KEY `FK_Rating_Student_idx` (`student_id`),
  CONSTRAINT `FK_Rating_Student` FOREIGN KEY (`student_id`) REFERENCES `students` (`id`),
  CONSTRAINT `FK_Rating_Teacher` FOREIGN KEY (`teacher_id`) REFERENCES `teachers` (`id`)
) ENGINE=InnoDB AUTO_INCREMENT=6 DEFAULT CHARSET=utf8mb4 COLLATE=utf8mb4_unicode_ci;
/*!40101 SET character_set_client = @saved_cs_client */;

--
-- Dumping data for table `ratings`
--

LOCK TABLES `ratings` WRITE;
/*!40000 ALTER TABLE `ratings` DISABLE KEYS */;
INSERT INTO `ratings` VALUES (1,4,'integer a nibh in quis justo maecenas rhoncus aliquam lacus morbi quis tortor id nulla ultrices aliquet maecenas leo odio condimentum id luctus nec molestie sed justo pellentesque viverra pede ac diam cras pellentesque volutpat dui maecenas tristique est et tempus semper est quam pharetra magna ac consequat metus sapien ut nunc vestibulum ante ipsum primis in faucibus orci luctus et ultrices posuere cubilia curae mauris viverra diam vitae quam suspendisse potenti nullam porttitor lacus at turpis donec posuere metus vitae ipsum aliquam non mauris morbi non lectus aliquam sit amet diam in magna bibendum imperdiet nullam orci pede venenatis non sodales sed tincidunt eu felis fusce posuere felis sed lacus morbi sem mauris laoreet ut rhoncus aliquet pulvinar sed nisl nunc rhoncus dui vel sem sed sagittis nam congue risus',85,108),(2,5,'amet diam in magna bibendum imperdiet nullam orci pede venenatis non sodales sed tincidunt eu felis fusce posuere felis sed lacus morbi sem mauris laoreet ut rhoncus aliquet pulvinar sed nisl nunc rhoncus dui',84,154),(3,5,'at nulla suspendisse potenti cras in purus eu magna vulputate luctus cum sociis natoque penatibus et magnis dis parturient montes nascetur ridiculus mus vivamus vestibulum sagittis sapien cum sociis natoque penatibus et magnis dis parturient montes nascetur ridiculus mus etiam vel augue vestibulum rutrum rutrum neque aenean auctor gravida sem praesent id massa id nisl venenatis lacinia aenean sit amet justo morbi ut odio cras mi pede malesuada in imperdiet et commodo vulputate justo in blandit ultrices',63,171),(4,3,'mauris laoreet ut rhoncus aliquet pulvinar sed nisl nunc rhoncus dui vel sem sed sagittis nam congue risus semper porta volutpat quam pede lobortis ligula sit amet eleifend pede libero quis orci nullam molestie nibh in lectus pellentesque at nulla suspendisse potenti cras in purus eu magna vulputate luctus cum sociis natoque penatibus et magnis dis parturient montes nascetur ridiculus mus vivamus vestibulum sagittis sapien cum sociis natoque penatibus et magnis dis parturient montes nascetur ridiculus mus',37,110),(5,3,'accumsan tortor quis turpis sed ante vivamus tortor duis mattis egestas metus aenean fermentum',87,155);
/*!40000 ALTER TABLE `ratings` ENABLE KEYS */;
UNLOCK TABLES;

--
-- Table structure for table `roles`
--

DROP TABLE IF EXISTS `roles`;
/*!40101 SET @saved_cs_client     = @@character_set_client */;
/*!50503 SET character_set_client = utf8mb4 */;
CREATE TABLE `roles` (
  `id` int NOT NULL AUTO_INCREMENT,
  `title` varchar(45) CHARACTER SET utf8mb4 COLLATE utf8mb4_unicode_ci NOT NULL,
  `description` longtext CHARACTER SET utf8mb4 COLLATE utf8mb4_unicode_ci,
  PRIMARY KEY (`id`)
) ENGINE=InnoDB AUTO_INCREMENT=4 DEFAULT CHARSET=utf8mb4 COLLATE=utf8mb4_unicode_ci;
/*!40101 SET character_set_client = @saved_cs_client */;

--
-- Dumping data for table `roles`
--

LOCK TABLES `roles` WRITE;
/*!40000 ALTER TABLE `roles` DISABLE KEYS */;
INSERT INTO `roles` VALUES (1,'admin','Acceso para administradores\r \r '),(2,'teacher','Acceso para profesores'),(3,'student','Acceso para estudiantes');
/*!40000 ALTER TABLE `roles` ENABLE KEYS */;
UNLOCK TABLES;

--
-- Table structure for table `students`
--

DROP TABLE IF EXISTS `students`;
/*!40101 SET @saved_cs_client     = @@character_set_client */;
/*!50503 SET character_set_client = utf8mb4 */;
CREATE TABLE `students` (
  `id` int NOT NULL AUTO_INCREMENT,
  `active` tinyint DEFAULT '1',
  `phone` varchar(12) CHARACTER SET utf8mb4 COLLATE utf8mb4_unicode_ci DEFAULT NULL,
  `avatar` varchar(150) CHARACTER SET utf8mb4 COLLATE utf8mb4_unicode_ci DEFAULT NULL,
  `user_id` int NOT NULL,
  `location_id` int NOT NULL,
  PRIMARY KEY (`id`),
  KEY `FK_User_Student_idx` (`user_id`),
  KEY `FK_Location_Student_idx` (`location_id`),
  CONSTRAINT `FK_Location_Student` FOREIGN KEY (`location_id`) REFERENCES `locations` (`id`),
  CONSTRAINT `FK_User_Student` FOREIGN KEY (`user_id`) REFERENCES `users` (`id`)
) ENGINE=InnoDB AUTO_INCREMENT=201 DEFAULT CHARSET=utf8mb4 COLLATE=utf8mb4_unicode_ci;
/*!40101 SET character_set_client = @saved_cs_client */;

--
-- Dumping data for table `students`
--

LOCK TABLES `students` WRITE;
/*!40000 ALTER TABLE `students` DISABLE KEYS */;
INSERT INTO `students` VALUES (101,0,'8484975220','https://robohash.org/eveniettotamqui.png?size=50x50&set=set1',1,1),(102,0,'2789617855','https://robohash.org/deseruntculpaneque.png?size=50x50&set=set1',2,2),(103,0,'1847941083','https://robohash.org/dolorumaperiamfugiat.png?size=50x50&set=set1',3,3),(104,1,'3985594470','https://robohash.org/etutqui.png?size=50x50&set=set1',4,4),(105,1,'4947301397','https://robohash.org/voluptatemnatusquos.png?size=50x50&set=set1',5,5),(106,1,'6147660250','https://robohash.org/sintetreprehenderit.png?size=50x50&set=set1',6,6),(107,1,'8923449207','https://robohash.org/laudantiumhicest.png?size=50x50&set=set1',7,7),(108,1,'2203436601','https://robohash.org/totamcorporisearum.png?size=50x50&set=set1',8,8),(109,1,'1014803299','https://robohash.org/essesolutaquibusdam.png?size=50x50&set=set1',9,9),(110,1,'3013466411','https://robohash.org/quaeratomnisasperiores.png?size=50x50&set=set1',10,10),(111,1,'8639872544','https://robohash.org/iustoveliure.png?size=50x50&set=set1',11,11),(112,1,'9148268576','https://robohash.org/commodinesciuntest.png?size=50x50&set=set1',12,12),(113,1,'2586262858','https://robohash.org/remofficiisquas.png?size=50x50&set=set1',13,13),(114,1,'6631476729','https://robohash.org/quireiciendiset.png?size=50x50&set=set1',14,14),(115,1,'5934595335','https://robohash.org/eaillumcumque.png?size=50x50&set=set1',15,15),(116,1,'6191728689','https://robohash.org/velitquosofficiis.png?size=50x50&set=set1',16,16),(117,1,'2616542804','https://robohash.org/quidemrerumquo.png?size=50x50&set=set1',17,17),(118,1,'6974266048','https://robohash.org/perspiciatisistequasi.png?size=50x50&set=set1',18,18),(119,1,'8564353503','https://robohash.org/fugiatrepudiandaeet.png?size=50x50&set=set1',19,19),(120,1,'4632958451','https://robohash.org/quoomnisdoloremque.png?size=50x50&set=set1',20,20),(121,1,'6468439535','https://robohash.org/minimacumporro.png?size=50x50&set=set1',21,21),(122,1,'7788383862','https://robohash.org/distinctioullamet.png?size=50x50&set=set1',22,22),(123,1,'3593153789','https://robohash.org/autautaliquam.png?size=50x50&set=set1',23,23),(124,1,'9265712644','https://robohash.org/autmodidolor.png?size=50x50&set=set1',24,24),(125,1,'8459501198','https://robohash.org/ametomnissit.png?size=50x50&set=set1',25,25),(126,1,'9976156376','https://robohash.org/esteiusdoloribus.png?size=50x50&set=set1',26,26),(127,1,'8556348762','https://robohash.org/voluptasexercitationemnihil.png?size=50x50&set=set1',27,27),(128,1,'9811658193','https://robohash.org/undecumest.png?size=50x50&set=set1',28,28),(129,1,'7668454457','https://robohash.org/sedquinihil.png?size=50x50&set=set1',29,29),(130,1,'9827857968','https://robohash.org/voluptatemomnisdolor.png?size=50x50&set=set1',30,30),(131,1,'4637730943','https://robohash.org/utexpeditaut.png?size=50x50&set=set1',31,31),(132,1,'1398961704','https://robohash.org/autematquos.png?size=50x50&set=set1',32,32),(133,1,'7118220482','https://robohash.org/atpossimusimpedit.png?size=50x50&set=set1',33,33),(134,1,'4831421727','https://robohash.org/doloremvoluptatumquo.png?size=50x50&set=set1',34,34),(135,1,'4074120785','https://robohash.org/voluptatemrepellenduset.png?size=50x50&set=set1',35,35),(136,1,'7097972115','https://robohash.org/utnisialiquam.png?size=50x50&set=set1',36,36),(137,1,'5951702442','https://robohash.org/utenimdoloremque.png?size=50x50&set=set1',37,37),(138,1,'7617724625','https://robohash.org/consequatursedquod.png?size=50x50&set=set1',38,38),(139,1,'2716656091','https://robohash.org/quovoluptatumoccaecati.png?size=50x50&set=set1',39,39),(140,1,'4397208888','https://robohash.org/autadipisciet.png?size=50x50&set=set1',40,40),(141,1,'3349275185','https://robohash.org/voluptasvoluptatemdicta.png?size=50x50&set=set1',41,41),(142,1,'1671629397','https://robohash.org/optioiustoid.png?size=50x50&set=set1',42,42),(143,1,'5604661008','https://robohash.org/consequunturnihilquis.png?size=50x50&set=set1',43,43),(144,1,'4871789400','https://robohash.org/expeditanihilqui.png?size=50x50&set=set1',44,44),(145,1,'6936402141','https://robohash.org/voluptasaliaset.png?size=50x50&set=set1',45,45),(146,1,'8886480181','https://robohash.org/utinenim.png?size=50x50&set=set1',46,46),(147,1,'4755087326','https://robohash.org/perferendisetfuga.png?size=50x50&set=set1',47,47),(148,1,'9055416915','https://robohash.org/sintvitaemagni.png?size=50x50&set=set1',48,48),(149,1,'1356026209','https://robohash.org/laborumeosvitae.png?size=50x50&set=set1',49,49),(150,1,'4772259483','https://robohash.org/reiciendisquisquamlibero.png?size=50x50&set=set1',50,50),(151,1,'3971766440','https://robohash.org/utdictadoloremque.png?size=50x50&set=set1',51,51),(152,1,'3952575942','https://robohash.org/maioresutdoloremque.png?size=50x50&set=set1',52,52),(153,1,'6469890741','https://robohash.org/laudantiumautquis.png?size=50x50&set=set1',53,53),(154,1,'6749009565','https://robohash.org/officiarerumnon.png?size=50x50&set=set1',54,54),(155,1,'6567922055','https://robohash.org/cupiditatecommodiinventore.png?size=50x50&set=set1',55,55),(156,1,'2859407668','https://robohash.org/omnisquodoccaecati.png?size=50x50&set=set1',56,56),(157,1,'9911561007','https://robohash.org/ipsaconsequaturautem.png?size=50x50&set=set1',57,57),(158,1,'6165672132','https://robohash.org/quaemaximetempora.png?size=50x50&set=set1',58,58),(159,1,'8813640036','https://robohash.org/sednonsapiente.png?size=50x50&set=set1',59,59),(160,1,'2669404212','https://robohash.org/earumperspiciatisea.png?size=50x50&set=set1',60,60),(161,1,'1456361336','https://robohash.org/harumnecessitatibuslaboriosam.png?size=50x50&set=set1',61,61),(162,1,'6941226828','https://robohash.org/temporaquisporro.png?size=50x50&set=set1',62,62),(163,1,'4899247577','https://robohash.org/etsuntmolestias.png?size=50x50&set=set1',63,63),(164,1,'3194192085','https://robohash.org/fugitimpeditincidunt.png?size=50x50&set=set1',64,64),(165,1,'8617446932','https://robohash.org/utharumomnis.png?size=50x50&set=set1',65,65),(166,1,'7462039574','https://robohash.org/eosveroquas.png?size=50x50&set=set1',66,66),(167,1,'2653600928','https://robohash.org/sedsitsimilique.png?size=50x50&set=set1',67,67),(168,1,'3709226015','https://robohash.org/sedaliaset.png?size=50x50&set=set1',68,68),(169,1,'5174392254','https://robohash.org/quoexamet.png?size=50x50&set=set1',69,69),(170,1,'6304896786','https://robohash.org/assumendadoloremolestiae.png?size=50x50&set=set1',70,70),(171,1,'5117622809','https://robohash.org/commodicorporisquae.png?size=50x50&set=set1',71,71),(172,1,'4719463456','https://robohash.org/iddelenitiea.png?size=50x50&set=set1',72,72),(173,1,'8686143655','https://robohash.org/possimuspraesentiumqui.png?size=50x50&set=set1',73,73),(174,1,'7537713809','https://robohash.org/etquasmolestiae.png?size=50x50&set=set1',74,74),(175,1,'7628617045','https://robohash.org/dolorumullamvoluptas.png?size=50x50&set=set1',75,75),(176,1,'7054947144','https://robohash.org/magnirerumconsequatur.png?size=50x50&set=set1',76,76),(177,1,'2882756656','https://robohash.org/estestaut.png?size=50x50&set=set1',77,77),(178,1,'3237527666','https://robohash.org/quaesuntlaborum.png?size=50x50&set=set1',78,78),(179,1,'7677744957','https://robohash.org/isteliberoaut.png?size=50x50&set=set1',79,79),(180,1,'5035859536','https://robohash.org/invelcum.png?size=50x50&set=set1',80,80),(181,1,'5577455909','https://robohash.org/similiquenullaratione.png?size=50x50&set=set1',81,81),(182,1,'9135794981','https://robohash.org/veritatisomnisfugiat.png?size=50x50&set=set1',82,82),(183,1,'2468312374','https://robohash.org/nonquoimpedit.png?size=50x50&set=set1',83,83),(184,1,'3823126951','https://robohash.org/utomnisearum.png?size=50x50&set=set1',84,84),(185,1,'1064873934','https://robohash.org/abperspiciatismolestiae.png?size=50x50&set=set1',85,85),(186,1,'9084007982','https://robohash.org/estconsequaturexcepturi.png?size=50x50&set=set1',86,86),(187,1,'6067569165','https://robohash.org/aspernaturquised.png?size=50x50&set=set1',87,87),(188,1,'4839429316','https://robohash.org/aperiamestlaboriosam.png?size=50x50&set=set1',88,88),(189,1,'3996541655','https://robohash.org/ametsitipsam.png?size=50x50&set=set1',89,89),(190,1,'9616997469','https://robohash.org/numquamestmolestiae.png?size=50x50&set=set1',90,90),(191,1,'2007918805','https://robohash.org/nihilquodnam.png?size=50x50&set=set1',91,91),(192,1,'8379842627','https://robohash.org/namquamnemo.png?size=50x50&set=set1',92,92),(193,1,'7039715017','https://robohash.org/dolorenamsed.png?size=50x50&set=set1',93,93),(194,1,'9323025656','https://robohash.org/minimaminussint.png?size=50x50&set=set1',94,94),(195,1,'3407170556','https://robohash.org/quibusdamatqueenim.png?size=50x50&set=set1',95,95),(196,1,'5662175375','https://robohash.org/invelitnobis.png?size=50x50&set=set1',96,96),(197,1,'7979774329','https://robohash.org/atutmagni.png?size=50x50&set=set1',97,97),(198,1,'2781871631','https://robohash.org/assumendaquiadolor.png?size=50x50&set=set1',98,98),(199,1,'3919106559','https://robohash.org/minimasitfacere.png?size=50x50&set=set1',99,99),(200,1,'7167715995','https://robohash.org/possimuscumdolores.png?size=50x50&set=set1',100,100);
/*!40000 ALTER TABLE `students` ENABLE KEYS */;
UNLOCK TABLES;

--
-- Table structure for table `teachers`
--

DROP TABLE IF EXISTS `teachers`;
/*!40101 SET @saved_cs_client     = @@character_set_client */;
/*!50503 SET character_set_client = utf8mb4 */;
CREATE TABLE `teachers` (
  `id` int NOT NULL AUTO_INCREMENT,
  `phone` varchar(12) CHARACTER SET utf8mb4 COLLATE utf8mb4_unicode_ci DEFAULT NULL,
  `branch_id` int NOT NULL,
  `price_hour` double unsigned NOT NULL,
  `experience` int unsigned DEFAULT NULL,
  `validated` tinyint unsigned DEFAULT '0',
  `location_id` int NOT NULL,
  `avatar` varchar(120) CHARACTER SET utf8mb4 COLLATE utf8mb4_unicode_ci DEFAULT NULL,
  `user_id` int NOT NULL,
  `subjects` mediumtext CHARACTER SET utf8mb4 COLLATE utf8mb4_unicode_ci,
  `start_class_hour` tinyint NOT NULL,
  `end_class_hour` tinyint NOT NULL,
  PRIMARY KEY (`id`),
  KEY `FK_Location_idx` (`location_id`),
  KEY `FK_Branch_idx` (`branch_id`),
  KEY `FK_User_teacher_idx` (`user_id`),
  CONSTRAINT `FK_Branch` FOREIGN KEY (`branch_id`) REFERENCES `branches` (`id`),
  CONSTRAINT `FK_Location` FOREIGN KEY (`location_id`) REFERENCES `locations` (`id`),
  CONSTRAINT `FK_User_teacher` FOREIGN KEY (`user_id`) REFERENCES `users` (`id`)
) ENGINE=InnoDB AUTO_INCREMENT=101 DEFAULT CHARSET=utf8mb4 COLLATE=utf8mb4_unicode_ci;
/*!40101 SET character_set_client = @saved_cs_client */;

--
-- Dumping data for table `teachers`
--

LOCK TABLES `teachers` WRITE;
/*!40000 ALTER TABLE `teachers` DISABLE KEYS */;
INSERT INTO `teachers` VALUES (1,'6298624693',4,16.97,12,1,101,'https://robohash.org/temporibusnecessitatibusquos.png?size=50x50&set=set1',101,'sapien urna pretium nisl ut',0,0),(2,'5294073535',2,15.65,21,0,102,'https://robohash.org/eumexercitationemenim.png?size=50x50&set=set1',102,'vitae ipsum aliquam non mauris',0,0),(3,'3192823273',4,16.69,14,0,103,'https://robohash.org/modiestest.png?size=50x50&set=set1',103,'convallis duis consequat',0,0),(4,'3387192330',4,19.61,0,0,104,'https://robohash.org/laboriosamtotamrepellat.png?size=50x50&set=set1',104,'nec condimentum neque sapien',0,0),(5,'4878495933',3,16.93,0,0,105,'https://robohash.org/culpanostrumdoloremque.png?size=50x50&set=set1',105,'congue',0,0),(6,'2235059423',2,10.89,0,0,106,'https://robohash.org/nihilmagninobis.png?size=50x50&set=set1',106,'vestibulum',0,0),(7,'1589107797',4,18,6,0,107,'https://robohash.org/doloremvelmagnam.png?size=50x50&set=set1',107,'mauris',0,0),(8,'8759075792',4,16.91,25,0,108,'https://robohash.org/consequaturdolorumcorporis.png?size=50x50&set=set1',108,'ultrices',0,0),(9,'7491216373',4,18.54,7,0,109,'https://robohash.org/ipsamquiaconsequuntur.png?size=50x50&set=set1',109,'sit',0,0),(10,'9506161246',2,18.33,14,0,110,'https://robohash.org/corruptifugitaut.png?size=50x50&set=set1',110,'curabitur gravida nisi at',0,0),(11,'8683550302',1,16.14,23,0,111,'https://robohash.org/quissintalias.png?size=50x50&set=set1',111,'ante ipsum primis in',0,0),(12,'5675449098',4,14.85,4,0,112,'https://robohash.org/doloresblanditiisquos.png?size=50x50&set=set1',112,'parturient montes nascetur ridiculus mus',0,0),(13,'4131789222',3,13.7,22,0,113,'https://robohash.org/etomnisut.png?size=50x50&set=set1',113,'hac habitasse',0,0),(14,'9465935128',2,16.84,13,0,114,'https://robohash.org/etquaeratalias.png?size=50x50&set=set1',114,'magna bibendum imperdiet nullam orci',0,0),(15,'2989666721',4,19.7,5,0,115,'https://robohash.org/doloremquetenetureius.png?size=50x50&set=set1',115,'commodo placerat praesent blandit nam',0,0),(16,'1745728171',1,8.95,12,0,116,'https://robohash.org/blanditiisvelitaccusantium.png?size=50x50&set=set1',116,'odio condimentum id luctus',0,0),(17,'4842498439',2,11.1,1,0,117,'https://robohash.org/doloressitquas.png?size=50x50&set=set1',117,'erat quisque erat',0,0),(18,'6295395803',1,11.25,15,0,118,'https://robohash.org/estvoluptatemquidem.png?size=50x50&set=set1',118,'sapien a',0,0),(19,'7601855481',3,10.38,4,0,119,'https://robohash.org/quasesteius.png?size=50x50&set=set1',119,'neque libero convallis eget',0,0),(20,'1879237014',2,11.14,17,0,120,'https://robohash.org/eiussolutaveniam.png?size=50x50&set=set1',120,'eget rutrum',0,0),(21,'6062673065',4,16.76,20,0,121,'https://robohash.org/accusamusidquo.png?size=50x50&set=set1',121,'volutpat',0,0),(22,'8205835367',1,9.98,16,0,122,'https://robohash.org/dolorumnobisnon.png?size=50x50&set=set1',122,'etiam vel augue vestibulum',0,0),(23,'6956245515',4,19.13,9,0,123,'https://robohash.org/voluptatesautnostrum.png?size=50x50&set=set1',123,'ut dolor morbi',0,0),(24,'8615634554',1,12.47,24,0,124,'https://robohash.org/rerumfugavoluptatem.png?size=50x50&set=set1',124,'lectus in quam fringilla rhoncus',0,0),(25,'8378398821',2,12.13,19,0,125,'https://robohash.org/aperiamcommodiaccusantium.png?size=50x50&set=set1',125,'semper interdum',0,0),(26,'1325009900',4,12.06,2,0,126,'https://robohash.org/siteumfugit.png?size=50x50&set=set1',126,'tempor convallis',0,0),(27,'6574607333',4,18.24,5,0,127,'https://robohash.org/suntnonnumquam.png?size=50x50&set=set1',127,'dignissim vestibulum vestibulum',0,0),(28,'4121899935',2,12.04,18,0,128,'https://robohash.org/impeditveritatisest.png?size=50x50&set=set1',128,'congue elementum in hac',0,0),(29,'2039694999',3,12.85,1,0,129,'https://robohash.org/quamerrorquisquam.png?size=50x50&set=set1',129,'turpis enim blandit',0,0),(30,'3978255209',1,13.94,23,0,130,'https://robohash.org/consequaturipsamillum.png?size=50x50&set=set1',130,'massa tempor convallis',0,0),(31,'3446780890',3,16.56,23,0,131,'https://robohash.org/quoarchitectoomnis.png?size=50x50&set=set1',131,'maecenas pulvinar lobortis est',0,0),(32,'9329344885',3,13.63,12,0,132,'https://robohash.org/exautminus.png?size=50x50&set=set1',132,'volutpat in',0,0),(33,'8898164292',2,9.1,19,0,133,'https://robohash.org/voluptatibusdolorconsequatur.png?size=50x50&set=set1',133,'sapien urna pretium nisl',0,0),(34,'1003473805',3,16.81,4,0,134,'https://robohash.org/doloresdoloribusdolores.png?size=50x50&set=set1',134,'neque libero convallis eget',0,0),(35,'9628533601',3,8.93,4,0,135,'https://robohash.org/suntfugitlibero.png?size=50x50&set=set1',135,'leo odio',0,0),(36,'9193010085',2,17.21,25,0,136,'https://robohash.org/optioeteum.png?size=50x50&set=set1',136,'ipsum primis in faucibus orci',0,0),(37,'1464738479',2,13.61,21,0,137,'https://robohash.org/atquevoluptatibuset.png?size=50x50&set=set1',137,'tellus semper',0,0),(38,'2028972621',2,8.1,24,0,138,'https://robohash.org/recusandaeerrorquaerat.png?size=50x50&set=set1',138,'consectetuer adipiscing elit proin risus',0,0),(39,'7709169363',1,11.41,15,0,139,'https://robohash.org/velomnisnemo.png?size=50x50&set=set1',139,'aliquam',0,0),(40,'7685402231',3,14.46,17,0,140,'https://robohash.org/totammagnisimilique.png?size=50x50&set=set1',140,'nisi vulputate nonummy maecenas',0,0),(41,'6804167393',4,11.06,9,0,141,'https://robohash.org/voluptatemnihilofficiis.png?size=50x50&set=set1',141,'aliquam',0,0),(42,'7092233998',3,9.68,15,0,142,'https://robohash.org/quomaioresaliquid.png?size=50x50&set=set1',142,'sagittis dui vel',0,0),(43,'3386150745',2,15.88,18,0,143,'https://robohash.org/voluptateliberoea.png?size=50x50&set=set1',143,'fermentum donec',0,0),(44,'4238007643',1,11.5,0,0,144,'https://robohash.org/essequiexcepturi.png?size=50x50&set=set1',144,'tincidunt nulla mollis molestie',0,0),(45,'3756615107',3,10.57,20,0,145,'https://robohash.org/undesintaccusantium.png?size=50x50&set=set1',145,'faucibus',0,0),(46,'4127972913',1,18.01,23,0,146,'https://robohash.org/ducimussitquas.png?size=50x50&set=set1',146,'elementum',0,0),(47,'7126635224',3,9.84,8,0,147,'https://robohash.org/commodialiassed.png?size=50x50&set=set1',147,'nonummy maecenas tincidunt lacus at',0,0),(48,'4753408941',2,16.81,0,0,148,'https://robohash.org/voluptassedest.png?size=50x50&set=set1',148,'donec dapibus duis at velit',0,0),(49,'3499085775',4,19.12,0,0,149,'https://robohash.org/molestiasundererum.png?size=50x50&set=set1',149,'aenean fermentum donec ut',0,0),(50,'3023026417',3,12.07,5,0,150,'https://robohash.org/idvelitquia.png?size=50x50&set=set1',150,'aenean sit amet',0,0),(51,'6904533784',4,10,20,0,151,'https://robohash.org/quaeratdistinctioipsum.png?size=50x50&set=set1',151,'convallis tortor risus',0,0),(52,'1289342770',1,9.67,12,0,152,'https://robohash.org/abdolorequos.png?size=50x50&set=set1',152,'condimentum neque',0,0),(53,'1427718686',2,11.06,15,0,153,'https://robohash.org/laborevitaetempore.png?size=50x50&set=set1',153,'pulvinar sed nisl nunc rhoncus',0,0),(54,'2874282254',2,10.76,25,0,154,'https://robohash.org/suscipitdolorumhic.png?size=50x50&set=set1',154,'lacinia eget tincidunt',0,0),(55,'7565411584',1,11.02,18,0,155,'https://robohash.org/estoditveritatis.png?size=50x50&set=set1',155,'suspendisse potenti nullam porttitor lacus',0,0),(56,'8453717460',1,18.09,18,0,156,'https://robohash.org/nisinobisfugiat.png?size=50x50&set=set1',156,'at',0,0),(57,'2978188085',2,16.91,20,0,157,'https://robohash.org/etestconsequuntur.png?size=50x50&set=set1',157,'tincidunt eu felis',0,0),(58,'9555497017',3,15.42,8,0,158,'https://robohash.org/voluptatemautet.png?size=50x50&set=set1',158,'sociis natoque penatibus et magnis',0,0),(59,'6427098798',3,19.44,16,0,159,'https://robohash.org/distinctiovitaedolor.png?size=50x50&set=set1',159,'et ultrices posuere cubilia',0,0),(60,'7964258954',2,11.26,18,0,160,'https://robohash.org/abnemodolorem.png?size=50x50&set=set1',160,'sollicitudin',0,0),(61,'7565383408',4,14.84,24,0,161,'https://robohash.org/etipsanemo.png?size=50x50&set=set1',161,'tellus nulla',0,0),(62,'3143297970',3,16.32,6,0,162,'https://robohash.org/veroquassit.png?size=50x50&set=set1',162,'auctor gravida sem praesent id',0,0),(63,'6277450847',4,12.11,14,0,163,'https://robohash.org/voluptatesoptioillum.png?size=50x50&set=set1',163,'quisque',0,0),(64,'2829383917',4,11.99,0,0,164,'https://robohash.org/porrocumqueodit.png?size=50x50&set=set1',164,'lorem integer tincidunt ante vel',0,0),(65,'3114488287',1,18.14,2,0,165,'https://robohash.org/recusandaemolestiaseveniet.png?size=50x50&set=set1',165,'in',0,0),(66,'2535331316',4,8.69,1,0,166,'https://robohash.org/magnamcumtemporibus.png?size=50x50&set=set1',166,'in hac habitasse platea dictumst',0,0),(67,'1089061212',1,9.24,10,0,167,'https://robohash.org/eosabexercitationem.png?size=50x50&set=set1',167,'convallis nunc proin at',0,0),(68,'6054985574',4,13.89,2,0,168,'https://robohash.org/repellatconsequaturperferendis.png?size=50x50&set=set1',168,'id ligula',0,0),(69,'5789748834',4,9.83,16,0,169,'https://robohash.org/temporedolorealias.png?size=50x50&set=set1',169,'consectetuer',0,0),(70,'4423870331',3,16,5,0,170,'https://robohash.org/adipisciquiquia.png?size=50x50&set=set1',170,'et tempus semper est',0,0),(71,'6625551343',2,14.27,24,0,171,'https://robohash.org/voluptatemofficiasunt.png?size=50x50&set=set1',171,'sapien',0,0),(72,'2184510849',1,9.73,22,0,172,'https://robohash.org/doloremquesitullam.png?size=50x50&set=set1',172,'luctus tincidunt nulla mollis',0,0),(73,'5914285382',3,14.7,14,0,173,'https://robohash.org/quimagnia.png?size=50x50&set=set1',173,'enim',0,0),(74,'4844492676',3,18.29,24,0,174,'https://robohash.org/dolorminimaoptio.png?size=50x50&set=set1',174,'suspendisse potenti in eleifend quam',0,0),(75,'3585732769',2,13.31,20,0,175,'https://robohash.org/numquamnihilest.png?size=50x50&set=set1',175,'maecenas tincidunt lacus',0,0),(76,'3703399012',3,17.17,24,0,176,'https://robohash.org/nonetoptio.png?size=50x50&set=set1',176,'sollicitudin',0,0),(77,'4893283131',1,18.1,4,0,177,'https://robohash.org/erroretfuga.png?size=50x50&set=set1',177,'felis',0,0),(78,'9912579914',4,15.89,17,0,178,'https://robohash.org/illumvoluptatibusitaque.png?size=50x50&set=set1',178,'dapibus',0,0),(79,'6601985187',1,12.01,23,0,179,'https://robohash.org/velitessecommodi.png?size=50x50&set=set1',179,'nec nisi vulputate nonummy',0,0),(80,'7539760790',4,8.02,7,0,180,'https://robohash.org/natuseumcommodi.png?size=50x50&set=set1',180,'sit amet sem fusce',0,0),(81,'2614491850',4,10.97,8,0,181,'https://robohash.org/providentmagnamreprehenderit.png?size=50x50&set=set1',181,'nec condimentum neque sapien',0,0),(82,'3721313638',2,12.64,10,0,182,'https://robohash.org/debitismagnamfuga.png?size=50x50&set=set1',182,'lorem ipsum',0,0),(83,'5784205994',3,11.12,16,0,183,'https://robohash.org/suscipitnisiatque.png?size=50x50&set=set1',183,'vestibulum',0,0),(84,'2606266741',3,9.6,2,0,184,'https://robohash.org/officiaetvitae.png?size=50x50&set=set1',184,'in hac habitasse',0,0),(85,'5877873301',1,12.24,6,0,185,'https://robohash.org/doloribusdelectusvoluptas.png?size=50x50&set=set1',185,'condimentum curabitur in libero ut',0,0),(86,'4153873427',1,13.43,1,0,186,'https://robohash.org/cumaliquidcorporis.png?size=50x50&set=set1',186,'aenean sit amet justo morbi',0,0),(87,'3209788371',4,8.56,12,0,187,'https://robohash.org/essetemporesint.png?size=50x50&set=set1',187,'luctus cum sociis natoque',0,0),(88,'1465681149',3,9.79,25,0,188,'https://robohash.org/enimerrormollitia.png?size=50x50&set=set1',188,'eu sapien cursus vestibulum proin',0,0),(89,'8565944928',4,18.57,6,0,189,'https://robohash.org/omnissolutadistinctio.png?size=50x50&set=set1',189,'non mauris morbi non',0,0),(90,'4797887713',3,14.72,0,0,190,'https://robohash.org/veritatisvoluptatenobis.png?size=50x50&set=set1',190,'suspendisse potenti nullam porttitor',0,0),(91,'2395800653',1,17.36,15,0,191,'https://robohash.org/sapientesitlaborum.png?size=50x50&set=set1',191,'vehicula',0,0),(92,'9222015250',4,8.78,0,0,192,'https://robohash.org/itaqueeavoluptatem.png?size=50x50&set=set1',192,'leo odio condimentum id',0,0),(93,'2196451287',4,16.51,4,0,193,'https://robohash.org/autistealiquid.png?size=50x50&set=set1',193,'at',0,0),(94,'8195744537',4,13.02,23,0,194,'https://robohash.org/temporaidodit.png?size=50x50&set=set1',194,'maecenas pulvinar lobortis est',0,0),(95,'4224841563',4,10.33,20,0,195,'https://robohash.org/sedveroquis.png?size=50x50&set=set1',195,'penatibus et magnis dis',0,0),(96,'3835375661',4,14.85,0,0,196,'https://robohash.org/nullauttemporibus.png?size=50x50&set=set1',196,'hac habitasse platea',0,0),(97,'1152386912',4,10.4,9,0,197,'https://robohash.org/idutvoluptate.png?size=50x50&set=set1',197,'porta volutpat erat quisque',0,0),(98,'1147355343',2,18.08,10,0,198,'https://robohash.org/istedoloresunt.png?size=50x50&set=set1',198,'cursus vestibulum',0,0),(99,'3144294105',3,8.96,13,0,199,'https://robohash.org/repudiandaeinharum.png?size=50x50&set=set1',199,'nulla ut',0,0),(100,'1225262934',4,10.03,11,0,200,'https://robohash.org/etquaeratnam.png?size=50x50&set=set1',200,'convallis eget eleifend',0,0);
/*!40000 ALTER TABLE `teachers` ENABLE KEYS */;
UNLOCK TABLES;

--
-- Table structure for table `users`
--

DROP TABLE IF EXISTS `users`;
/*!40101 SET @saved_cs_client     = @@character_set_client */;
/*!50503 SET character_set_client = utf8mb4 */;
CREATE TABLE `users` (
  `id` int NOT NULL AUTO_INCREMENT,
  `creation_date` datetime NOT NULL DEFAULT CURRENT_TIMESTAMP,
  `leaving_date` datetime DEFAULT NULL,
  `name` varchar(60) CHARACTER SET utf8mb4 COLLATE utf8mb4_unicode_ci NOT NULL,
  `surname` varchar(80) CHARACTER SET utf8mb4 COLLATE utf8mb4_unicode_ci NOT NULL,
  `email` varchar(80) CHARACTER SET utf8mb4 COLLATE utf8mb4_unicode_ci NOT NULL,
  `password` varchar(255) CHARACTER SET utf8mb4 COLLATE utf8mb4_unicode_ci NOT NULL,
  `role_id` int NOT NULL,
  PRIMARY KEY (`id`),
  UNIQUE KEY `email_UNIQUE` (`email`),
  KEY `FK_User_role_idx` (`role_id`),
  CONSTRAINT `FK_User_role` FOREIGN KEY (`role_id`) REFERENCES `roles` (`id`)
) ENGINE=InnoDB AUTO_INCREMENT=207 DEFAULT CHARSET=utf8mb4 COLLATE=utf8mb4_unicode_ci;
/*!40101 SET character_set_client = @saved_cs_client */;

--
-- Dumping data for table `users`
--

LOCK TABLES `users` WRITE;
/*!40000 ALTER TABLE `users` DISABLE KEYS */;
INSERT INTO `users` VALUES (1,'2022-11-09 20:34:22','2022-12-07 19:19:40','Clea','Toe','ctoe0@netvibes.com','Spain',3),(2,'2022-11-09 20:34:22','2022-12-07 21:15:32','Skye','Gladtbach','sgladtbach1@hubpages.com','Spain',3),(3,'2022-11-09 20:34:22','2022-12-07 21:15:38','Leann','De Lorenzo','ldelorenzo2@cdbaby.com','Spain',3),(4,'2022-11-09 20:34:22',NULL,'Becka','Giacomoni','bgiacomoni3@smh.com.au','Spain',3),(5,'2022-11-09 20:34:22',NULL,'Gaby','Glader','gglader4@creativecommons.org','Spain',3),(6,'2022-11-09 20:34:22',NULL,'Carolann','Weekland','cweekland5@reference.com','Spain',3),(7,'2022-11-09 20:34:22',NULL,'Noella','Redborn','nredborn6@rakuten.co.jp','Spain',3),(8,'2022-11-09 20:34:22',NULL,'Giacinta','Nutten','gnutten7@twitpic.com','Spain',3),(9,'2022-11-09 20:34:22',NULL,'Tressa','Guinness','tguinness8@toplist.cz','Spain',3),(10,'2022-11-09 20:34:22',NULL,'Katusha','Myatt','kmyatt9@thetimes.co.uk','Spain',3),(11,'2022-11-09 20:34:22',NULL,'Leda','Dusting','ldustinga@friendfeed.com','Spain',3),(12,'2022-11-09 20:34:22',NULL,'Bonita','Pantone','bpantoneb@sciencedirect.com','Spain',3),(13,'2022-11-09 20:34:22',NULL,'Lola','Purrier','lpurrierc@cdc.gov','Spain',3),(14,'2022-11-09 20:34:22',NULL,'Gabriela','Scarf','gscarfd@shop-pro.jp','Spain',3),(15,'2022-11-09 20:34:22',NULL,'Hewett','Firbanks','hfirbankse@dion.ne.jp','Spain',3),(16,'2022-11-09 20:34:22',NULL,'Zak','McCaughan','zmccaughanf@nytimes.com','Spain',3),(17,'2022-11-09 20:34:22',NULL,'Nico','Burwin','nburwing@webeden.co.uk','Spain',3),(18,'2022-11-09 20:34:22',NULL,'Skelly','Freschini','sfreschinih@newsvine.com','Spain',3),(19,'2022-11-09 20:34:22',NULL,'Payton','Magarrell','pmagarrelli@seesaa.net','Spain',3),(20,'2022-11-09 20:34:22',NULL,'Evvy','Nixon','enixonj@hugedomains.com','Spain',3),(21,'2022-11-09 20:34:22',NULL,'Tera','Jewell','tjewellk@salon.com','Spain',3),(22,'2022-11-09 20:34:22',NULL,'Iolande','Laurens','ilaurensl@163.com','Spain',3),(23,'2022-11-09 20:34:22',NULL,'Riannon','McCroary','rmccroarym@tinyurl.com','Spain',3),(24,'2022-11-09 20:34:22',NULL,'Kalie','Tunnick','ktunnickn@indiegogo.com','Spain',3),(25,'2022-11-09 20:34:22',NULL,'Bettina','Rayson','braysono@soup.io','Spain',3),(26,'2022-11-09 20:34:22',NULL,'Berti','Plows','bplowsp@nba.com','Spain',3),(27,'2022-11-09 20:34:22',NULL,'Berri','Luckes','bluckesq@phpbb.com','Spain',3),(28,'2022-11-09 20:34:22',NULL,'Isidro','Hallatt','ihallattr@yolasite.com','Spain',3),(29,'2022-11-09 20:34:22',NULL,'Peria','Kilty','pkiltys@yolasite.com','Spain',3),(30,'2022-11-09 20:34:22',NULL,'Marcellus','Guilloud','mguilloudt@wunderground.com','Spain',3),(31,'2022-11-09 20:34:22',NULL,'Lewiss','Klass','lklassu@etsy.com','Spain',3),(32,'2022-11-09 20:34:22',NULL,'Jorie','Gawkes','jgawkesv@google.es','Spain',3),(33,'2022-11-09 20:34:22',NULL,'Hazlett','Humerstone','hhumerstonew@hibu.com','Spain',3),(34,'2022-11-09 20:34:22',NULL,'Ashlie','Piotrowski','apiotrowskix@youku.com','Spain',3),(35,'2022-11-09 20:34:22',NULL,'Tabb','Dewerson','tdewersony@disqus.com','Spain',3),(36,'2022-11-09 20:34:22',NULL,'Ansell','Safhill','asafhillz@auda.org.au','Spain',3),(37,'2022-11-09 20:34:22',NULL,'Vickie','Croasdale','vcroasdale10@bluehost.com','Spain',3),(38,'2022-11-09 20:34:22',NULL,'Kingsly','Mulhall','kmulhall11@cnbc.com','Spain',3),(39,'2022-11-09 20:34:22',NULL,'Cherilynn','Troman','ctroman12@ning.com','Spain',3),(40,'2022-11-09 20:34:22',NULL,'Emory','Paskin','epaskin13@goodreads.com','Spain',3),(41,'2022-11-09 20:34:22',NULL,'Libbey','Kastel','lkastel14@bing.com','Spain',3),(42,'2022-11-09 20:34:22',NULL,'Amitie','Lipscombe','alipscombe15@vk.com','Spain',3),(43,'2022-11-09 20:34:22',NULL,'Gilbertine','Dobrowolski','gdobrowolski16@unesco.org','Spain',3),(44,'2022-11-09 20:34:22',NULL,'Jorie','MacCaig','jmaccaig17@weibo.com','Spain',3),(45,'2022-11-09 20:34:22',NULL,'Ranice','Killough','rkillough18@geocities.com','Spain',3),(46,'2022-11-09 20:34:22',NULL,'Mariel','Badger','mbadger19@networkadvertising.org','Spain',3),(47,'2022-11-09 20:34:22',NULL,'Florrie','Matevushev','fmatevushev1a@4shared.com','Spain',3),(48,'2022-11-09 20:34:22',NULL,'Alano','Aspinal','aaspinal1b@histats.com','Spain',3),(49,'2022-11-09 20:34:22',NULL,'Chick','Hansley','chansley1c@netscape.com','Spain',3),(50,'2022-11-09 20:34:22',NULL,'Isacco','Duggon','iduggon1d@jimdo.com','Spain',3),(51,'2022-11-09 20:34:22',NULL,'Dasya','Stainton','dstainton1e@simplemachines.org','Spain',3),(52,'2022-11-09 20:34:22',NULL,'Von','Rolley','vrolley1f@reference.com','Spain',3),(53,'2022-11-09 20:34:22',NULL,'Nona','Wyleman','nwyleman1g@wikia.com','Spain',3),(54,'2022-11-09 20:34:22',NULL,'Tanny','Pavlasek','tpavlasek1h@netlog.com','Spain',3),(55,'2022-11-09 20:34:22',NULL,'Dylan','Dearman','ddearman1i@histats.com','Spain',3),(56,'2022-11-09 20:34:22',NULL,'Loydie','Lingley','llingley1j@360.cn','Spain',3),(57,'2022-11-09 20:34:22',NULL,'Jacques','McLarens','jmclarens1k@zdnet.com','Spain',3),(58,'2022-11-09 20:34:22',NULL,'Bail','Cotherill','bcotherill1l@soup.io','Spain',3),(59,'2022-11-09 20:34:22',NULL,'Stacie','Stirgess','sstirgess1m@redcross.org','Spain',3),(60,'2022-11-09 20:34:22',NULL,'Elle','Burrell','eburrell1n@newyorker.com','Spain',3),(61,'2022-11-09 20:34:23',NULL,'Omero','Bilham','obilham1o@nature.com','Spain',3),(62,'2022-11-09 20:34:23',NULL,'Kendre','Phizackarley','kphizackarley1p@theguardian.com','Spain',3),(63,'2022-11-09 20:34:23',NULL,'Les','Jewster','ljewster1q@paginegialle.it','Spain',3),(64,'2022-11-09 20:34:23',NULL,'Dena','McGilvra','dmcgilvra1r@reuters.com','Spain',3),(65,'2022-11-09 20:34:23',NULL,'Jerrilyn','Bardey','jbardey1s@latimes.com','Spain',3),(66,'2022-11-09 20:34:23',NULL,'Lambert','Hebard','lhebard1t@pcworld.com','Spain',3),(67,'2022-11-09 20:34:23',NULL,'Cleavland','Bainbrigge','cbainbrigge1u@fda.gov','Spain',3),(68,'2022-11-09 20:34:23',NULL,'Robinett','Bonifazio','rbonifazio1v@wunderground.com','Spain',3),(69,'2022-11-09 20:34:23',NULL,'Renado','Pickthorn','rpickthorn1w@instagram.com','Spain',3),(70,'2022-11-09 20:34:23',NULL,'Garvey','Patria','gpatria1x@quantcast.com','Spain',3),(71,'2022-11-09 20:34:23',NULL,'Micheline','Belcham','mbelcham1y@mozilla.org','Spain',3),(72,'2022-11-09 20:34:23',NULL,'Forrest','Lourens','flourens1z@marriott.com','Spain',3),(73,'2022-11-09 20:34:23',NULL,'Hilde','Squibbs','hsquibbs20@fastcompany.com','Spain',3),(74,'2022-11-09 20:34:23',NULL,'Mair','Lord','mlord21@istockphoto.com','Spain',3),(75,'2022-11-09 20:34:23',NULL,'Silvia','Jorn','sjorn22@jiathis.com','Spain',3),(76,'2022-11-09 20:34:23',NULL,'Magdalene','Oaten','moaten23@ehow.com','Spain',3),(77,'2022-11-09 20:34:23',NULL,'Alistair','Cluckie','acluckie24@squidoo.com','Spain',3),(78,'2022-11-09 20:34:23',NULL,'Dominic','Pedro','dpedro25@booking.com','Spain',3),(79,'2022-11-09 20:34:23',NULL,'Hanni','Drepp','hdrepp26@over-blog.com','Spain',3),(80,'2022-11-09 20:34:23',NULL,'Barnard','Wayne','bwayne27@sitemeter.com','Spain',3),(81,'2022-11-09 20:34:23',NULL,'Clo','Crumpton','ccrumpton28@buzzfeed.com','Spain',3),(82,'2022-11-09 20:34:23',NULL,'Zondra','Hatherleigh','zhatherleigh29@list-manage.com','Spain',3),(83,'2022-11-09 20:34:23',NULL,'Mercie','Innott','minnott2a@amazon.co.uk','Spain',3),(84,'2022-11-09 20:34:23',NULL,'Elyn','Humphrey','ehumphrey2b@devhub.com','Spain',3),(85,'2022-11-09 20:34:23',NULL,'Jilleen','Alejandre','jalejandre2c@merriam-webster.com','Spain',3),(86,'2022-11-09 20:34:23',NULL,'Luther','Lattin','llattin2d@pcworld.com','Spain',3),(87,'2022-11-09 20:34:23',NULL,'Jan','Datte','jdatte2e@techcrunch.com','Spain',3),(88,'2022-11-09 20:34:23',NULL,'Cello','Fernandez','cfernandez2f@samsung.com','Spain',3),(89,'2022-11-09 20:34:23',NULL,'Perkin','Martinovic','pmartinovic2g@fc2.com','Spain',3),(90,'2022-11-09 20:34:23',NULL,'Ed','Benwell','ebenwell2h@theguardian.com','Spain',3),(91,'2022-11-09 20:34:23',NULL,'Dewie','Strangeways','dstrangeways2i@cocolog-nifty.com','Spain',3),(92,'2022-11-09 20:34:23',NULL,'Valene','Rowatt','vrowatt2j@bbb.org','Spain',3),(93,'2022-11-09 20:34:23',NULL,'Marrissa','Ravenhill','mravenhill2k@microsoft.com','Spain',3),(94,'2022-11-09 20:34:23',NULL,'Natale','Lingner','nlingner2l@si.edu','Spain',3),(95,'2022-11-09 20:34:23',NULL,'Aurthur','Mamwell','amamwell2m@360.cn','Spain',3),(96,'2022-11-09 20:34:23',NULL,'Upton','Glencrash','uglencrash2n@ucsd.edu','Spain',3),(97,'2022-11-09 20:34:23',NULL,'Rosanna','Foro','rforo2o@ask.com','Spain',3),(98,'2022-11-09 20:34:23',NULL,'Norma','Dance','ndance2p@webs.com','Spain',3),(99,'2022-11-09 20:34:23',NULL,'Olivie','Longmate','olongmate2q@army.mil','Spain',3),(100,'2022-11-09 20:34:23',NULL,'Hilde','Owttrim','howttrim2r@sakura.ne.jp','Spain',3),(101,'2022-11-09 20:51:45',NULL,'Gaynor','Heggie','gheggie0@tripadvisor.com','France',2),(102,'2022-11-09 20:51:45',NULL,'Dolf','Westbury','dwestbury1@mail.ru','France',2),(103,'2022-11-09 20:51:45',NULL,'Sheffy','Trumble','strumble2@php.net','France',2),(104,'2022-11-09 20:51:45',NULL,'Saunderson','Hurch','shurch3@cisco.com','France',2),(105,'2022-11-09 20:51:45',NULL,'Olenka','Inge','oinge4@va.gov','France',2),(106,'2022-11-09 20:51:45',NULL,'Kellyann','Cruse','kcruse5@issuu.com','France',2),(107,'2022-11-09 20:51:45',NULL,'Harmony','Busby','hbusby6@ox.ac.uk','France',2),(108,'2022-11-09 20:51:45',NULL,'Winny','Joskowitz','wjoskowitz7@usgs.gov','France',2),(109,'2022-11-09 20:51:45',NULL,'Duky','Glawsop','dglawsop8@wix.com','France',2),(110,'2022-11-09 20:51:45',NULL,'Rickard','Moyser','rmoyser9@ustream.tv','France',2),(111,'2022-11-09 20:51:45',NULL,'Edie','Galliford','egalliforda@imgur.com','France',2),(112,'2022-11-09 20:51:45',NULL,'Cindee','Russo','crussob@goo.ne.jp','France',2),(113,'2022-11-09 20:51:45',NULL,'Ruprecht','Pree','rpreec@wikipedia.org','France',2),(114,'2022-11-09 20:51:45',NULL,'Warner','Caudell','wcaudelld@networkadvertising.org','France',2),(115,'2022-11-09 20:51:45',NULL,'Tully','Yarr','tyarre@netvibes.com','France',2),(116,'2022-11-09 20:51:45',NULL,'Hort','Chisholme','hchisholmef@barnesandnoble.com','France',2),(117,'2022-11-09 20:51:45',NULL,'Archy','Healy','ahealyg@mozilla.org','France',2),(118,'2022-11-09 20:51:45',NULL,'Cammy','Dimic','cdimich@instagram.com','France',2),(119,'2022-11-09 20:51:45',NULL,'Easter','Malpas','emalpasi@istockphoto.com','France',2),(120,'2022-11-09 20:51:45',NULL,'Osgood','Gethin','ogethinj@mashable.com','France',2),(121,'2022-11-09 20:51:45',NULL,'Ashlie','McComish','amccomishk@list-manage.com','France',2),(122,'2022-11-09 20:51:45',NULL,'Dinny','Kelle','dkellel@github.com','France',2),(123,'2022-11-09 20:51:45',NULL,'Giordano','Scawton','gscawtonm@nbcnews.com','France',2),(124,'2022-11-09 20:51:45',NULL,'Chrystel','Follos','cfollosn@ca.gov','France',2),(125,'2022-11-09 20:51:45',NULL,'Nani','Kleinpeltz','nkleinpeltzo@altervista.org','France',2),(126,'2022-11-09 20:51:45',NULL,'Roshelle','Tolomelli','rtolomellip@tumblr.com','France',2),(127,'2022-11-09 20:51:45',NULL,'Charlean','Caley','ccaleyq@opera.com','France',2),(128,'2022-11-09 20:51:45',NULL,'Ag','Eynaud','aeynaudr@fda.gov','France',2),(129,'2022-11-09 20:51:45',NULL,'Veronica','Gammell','vgammells@squidoo.com','France',2),(130,'2022-11-09 20:51:45',NULL,'Kristina','Burg','kburgt@wired.com','France',2),(131,'2022-11-09 20:51:45',NULL,'Gaylene','Keely','gkeelyu@cocolog-nifty.com','France',2),(132,'2022-11-09 20:51:45',NULL,'Haskell','Patinkin','hpatinkinv@archive.org','France',2),(133,'2022-11-09 20:51:45',NULL,'Patin','Loisi','ploisiw@cocolog-nifty.com','France',2),(134,'2022-11-09 20:51:45',NULL,'Merrill','Swannack','mswannackx@prweb.com','France',2),(135,'2022-11-09 20:51:45',NULL,'Bancroft','Beagan','bbeagany@mit.edu','France',2),(136,'2022-11-09 20:51:45',NULL,'Gael','Starking','gstarkingz@weebly.com','France',2),(137,'2022-11-09 20:51:45',NULL,'Marius','Darrington','mdarrington10@hatena.ne.jp','France',2),(138,'2022-11-09 20:51:45',NULL,'Woody','Corrado','wcorrado11@wisc.edu','France',2),(139,'2022-11-09 20:51:45',NULL,'Avril','Marshall','amarshall12@google.ca','France',2),(140,'2022-11-09 20:51:45',NULL,'Pammie','Lohmeyer','plohmeyer13@phoca.cz','France',2),(141,'2022-11-09 20:51:45',NULL,'Sheilah','Eastment','seastment14@constantcontact.com','France',2),(142,'2022-11-09 20:51:45',NULL,'Otes','Byford','obyford15@irs.gov','France',2),(143,'2022-11-09 20:51:45',NULL,'Naoma','Carlin','ncarlin16@deliciousdays.com','France',2),(144,'2022-11-09 20:51:45',NULL,'Pearle','Arrell','parrell17@weebly.com','France',2),(145,'2022-11-09 20:51:45',NULL,'Joeann','Caller','jcaller18@cbsnews.com','France',2),(146,'2022-11-09 20:51:45',NULL,'Levin','Maffiotti','lmaffiotti19@mapquest.com','France',2),(147,'2022-11-09 20:51:45',NULL,'Charlton','Yegorkin','cyegorkin1a@sohu.com','France',2),(148,'2022-11-09 20:51:45',NULL,'Ellynn','Kittredge','ekittredge1b@columbia.edu','France',2),(149,'2022-11-09 20:51:45',NULL,'Moina','Linnock','mlinnock1c@blog.com','France',2),(150,'2022-11-09 20:51:45',NULL,'Earvin','Willshaw','ewillshaw1d@theguardian.com','France',2),(151,'2022-11-09 20:51:45',NULL,'Cynthie','Fontanet','cfontanet1e@prlog.org','France',2),(152,'2022-11-09 20:51:45',NULL,'Kathryne','Keyte','kkeyte1f@wunderground.com','France',2),(153,'2022-11-09 20:51:45',NULL,'Ernst','Rogez','erogez1g@t.co','France',2),(154,'2022-11-09 20:51:45',NULL,'Linn','Gouldeby','lgouldeby1h@bravesites.com','France',2),(155,'2022-11-09 20:51:45',NULL,'Katherina','Longmead','klongmead1i@flickr.com','France',2),(156,'2022-11-09 20:51:45',NULL,'Meridith','Salterne','msalterne1j@google.ru','France',2),(157,'2022-11-09 20:51:45',NULL,'Tiffanie','Hugenin','thugenin1k@furl.net','France',2),(158,'2022-11-09 20:51:45',NULL,'Merla','Tallent','mtallent1l@dot.gov','France',2),(159,'2022-11-09 20:51:45',NULL,'Torey','Gilkison','tgilkison1m@ning.com','France',2),(160,'2022-11-09 20:51:45',NULL,'Joel','Bockmann','jbockmann1n@narod.ru','France',2),(161,'2022-11-09 20:51:45',NULL,'Arny','Babar','ababar1o@exblog.jp','France',2),(162,'2022-11-09 20:51:45',NULL,'Chadwick','Belly','cbelly1p@vk.com','France',2),(163,'2022-11-09 20:51:45',NULL,'Melina','Placide','mplacide1q@google.ru','France',2),(164,'2022-11-09 20:51:45',NULL,'Gibby','Wingate','gwingate1r@china.com.cn','France',2),(165,'2022-11-09 20:51:45',NULL,'Asia','Dyble','adyble1s@latimes.com','France',2),(166,'2022-11-09 20:51:45',NULL,'Gae','Hackey','ghackey1t@apple.com','France',2),(167,'2022-11-09 20:51:45',NULL,'Del','McGrale','dmcgrale1u@gov.uk','France',2),(168,'2022-11-09 20:51:45',NULL,'Nari','Zimmer','nzimmer1v@cbslocal.com','France',2),(169,'2022-11-09 20:51:45',NULL,'Waneta','Orneles','worneles1w@geocities.jp','France',2),(170,'2022-11-09 20:51:45',NULL,'Randie','Ridler','rridler1x@va.gov','France',2),(171,'2022-11-09 20:51:45',NULL,'Staford','Cherryman','scherryman1y@bluehost.com','France',2),(172,'2022-11-09 20:51:45',NULL,'Torrey','Steddall','tsteddall1z@arstechnica.com','France',2),(173,'2022-11-09 20:51:45',NULL,'Trista','Borres','tborres20@seesaa.net','France',2),(174,'2022-11-09 20:51:45',NULL,'Jerry','Luckey','jluckey21@unc.edu','France',2),(175,'2022-11-09 20:51:45',NULL,'Mirabella','McDonagh','mmcdonagh22@yahoo.com','France',2),(176,'2022-11-09 20:51:45',NULL,'Turner','Maunders','tmaunders23@redcross.org','France',2),(177,'2022-11-09 20:51:45',NULL,'Zoe','Strowther','zstrowther24@github.com','France',2),(178,'2022-11-09 20:51:45',NULL,'Erastus','Greensides','egreensides25@weather.com','France',2),(179,'2022-11-09 20:51:45',NULL,'Eddy','Ricciardelli','ericciardelli26@issuu.com','France',2),(180,'2022-11-09 20:51:45',NULL,'Pearline','Mc Cahey','pmccahey27@paypal.com','France',2),(181,'2022-11-09 20:51:45',NULL,'Mada','Cominello','mcominello28@senate.gov','France',2),(182,'2022-11-09 20:51:45',NULL,'Fianna','Deetch','fdeetch29@gnu.org','France',2),(183,'2022-11-09 20:51:45',NULL,'Barnaby','Long','blong2a@answers.com','France',2),(184,'2022-11-09 20:51:45',NULL,'Dominique','Bradnocke','dbradnocke2b@bloomberg.com','France',2),(185,'2022-11-09 20:51:45',NULL,'Paulo','Latch','platch2c@google.com.hk','France',2),(186,'2022-11-09 20:51:45',NULL,'Juditha','Mennell','jmennell2d@archive.org','France',2),(187,'2022-11-09 20:51:45',NULL,'Austin','Beange','abeange2e@uiuc.edu','France',2),(188,'2022-11-09 20:51:45',NULL,'Myra','Ashton','mashton2f@ehow.com','France',2),(189,'2022-11-09 20:51:45',NULL,'Normy','Pozzo','npozzo2g@wp.com','France',2),(190,'2022-11-09 20:51:45',NULL,'Lowell','Karlsson','lkarlsson2h@homestead.com','France',2),(191,'2022-11-09 20:51:45',NULL,'Addie','Yurtsev','ayurtsev2i@imageshack.us','France',2),(192,'2022-11-09 20:51:45',NULL,'Ilka','Leuren','ileuren2j@illinois.edu','France',2),(193,'2022-11-09 20:51:45',NULL,'Donal','Kelberman','dkelberman2k@posterous.com','France',2),(194,'2022-11-09 20:51:45',NULL,'Nicholas','Sinney','nsinney2l@pagesperso-orange.fr','France',2),(195,'2022-11-09 20:51:45',NULL,'Rinaldo','Withrop','rwithrop2m@mit.edu','France',2),(196,'2022-11-09 20:51:45',NULL,'Corrie','Origan','corigan2n@hhs.gov','France',2),(197,'2022-11-09 20:51:45',NULL,'Nanci','Bradnam','nbradnam2o@domainmarket.com','France',2),(198,'2022-11-09 20:51:45',NULL,'Alvan','O\'Hoey','aohoey2p@ibm.com','France',2),(199,'2022-11-09 20:51:45',NULL,'Sib','Portman','sportman2q@fema.gov','France',2),(200,'2022-11-09 20:51:45',NULL,'Dunc','Duck','dduck2r@xrea.com','France',2),(201,'2022-11-09 20:53:40',NULL,'Hermione','Somes','hsomes0@disqus.com','Portugal',1),(202,'2022-11-09 20:53:40',NULL,'Carmen','Prior','cprior1@alexa.com','Portugal',1),(203,'2022-11-09 20:53:40',NULL,'Justina','Terran','jterran2@hhs.gov','Portugal',1),(204,'2022-11-09 20:53:40',NULL,'Gauthier','Eisold','geisold3@comsenz.com','Portugal',1),(205,'2022-11-09 20:53:40',NULL,'Jami','Nears','jnears4@va.gov','Portugal',1),(206,'2022-12-07 18:50:04',NULL,'Mikel','Lekue','admin@gmail.com','$2a$08$p8oPoKLa/NXO4i834ogkg.y99b7hFMPwMvLRRLkRLXH8utkVXuR.G',1);
/*!40000 ALTER TABLE `users` ENABLE KEYS */;
UNLOCK TABLES;
/*!40103 SET TIME_ZONE=@OLD_TIME_ZONE */;

/*!40101 SET SQL_MODE=@OLD_SQL_MODE */;
/*!40014 SET FOREIGN_KEY_CHECKS=@OLD_FOREIGN_KEY_CHECKS */;
/*!40014 SET UNIQUE_CHECKS=@OLD_UNIQUE_CHECKS */;
/*!40101 SET CHARACTER_SET_CLIENT=@OLD_CHARACTER_SET_CLIENT */;
/*!40101 SET CHARACTER_SET_RESULTS=@OLD_CHARACTER_SET_RESULTS */;
/*!40101 SET COLLATION_CONNECTION=@OLD_COLLATION_CONNECTION */;
/*!40111 SET SQL_NOTES=@OLD_SQL_NOTES */;

-- Dump completed on 2022-12-07 22:38:42
